Date,CRUDE_ret,CRUDE
2020-01-02,,66.25
2020-01-03,0.03485704762237507,68.5999984741211
2020-01-06,0.004508846023774993,68.91000366210938
2020-01-07,-0.009330976253724366,68.2699966430664
2020-01-08,-0.04233665265671327,65.44000244140625
2020-01-09,-0.0010702499614660965,65.37000274658203
2020-01-10,-0.005983897738596866,64.9800033569336
2020-01-13,-0.012076418741234995,64.19999694824219
2020-01-14,0.004506976736552204,64.48999786376953
2020-01-15,-0.007627056537626409,64.0
2020-01-16,0.009640919540270687,64.62000274658203
2020-01-17,0.003552884333151596,64.8499984741211
2020-01-21,-0.00401734388649011,64.58999633789062
2020-01-22,-0.02159704134629692,63.209999084472656
2020-01-23,-0.018683148934919735,62.040000915527344
2020-01-24,-0.022000435845585642,60.689998626708984
2020-01-27,-0.02283240509463802,59.31999969482422
2020-01-28,0.0031978253268114543,59.5099983215332
2020-01-29,0.005028556565383369,59.810001373291016
2020-01-30,-0.02574232625347772,58.290000915527344
2020-01-31,-0.002232737162204401,58.15999984741211
2020-02-03,-0.06591496721096268,54.45000076293945
2020-02-04,-0.009039849017936419,53.959999084472656
2020-02-05,0.02416814300445358,55.279998779296875
2020-02-06,-0.0063515044669797405,54.93000030517578
2020-02-07,-0.008409539104109243,54.470001220703125
2020-02-10,-0.022276784283960627,53.27000045776367
2020-02-11,0.013795854005655084,54.0099983215332
2020-02-12,0.03242547473984203,55.790000915527344
2020-02-13,0.009810106888888726,56.34000015258789
2020-02-14,0.017244832479332395,57.31999969482422
2020-02-18,0.0074737517660041775,57.75
2020-02-19,0.023445909171140755,59.119998931884766
2020-02-20,0.0032086904320509646,59.310001373291016
2020-02-21,-0.013751194767284147,58.5
2020-02-24,-0.03833223264348895,56.29999923706055
2020-02-25,-0.024270826860442796,54.95000076293945
2020-02-26,-0.028051303052505805,53.43000030517578
2020-02-27,-0.02367310612427076,52.18000030517578
2020-02-28,-0.032329979013773436,50.52000045776367
2020-03-02,0.026949513028877714,51.900001525878906
2020-03-03,-0.0007710276924721704,51.86000061035156
2020-03-04,-0.01417636189764071,51.130001068115234
2020-03-05,-0.02254841098056426,49.9900016784668
2020-03-06,-0.09917844744180782,45.27000045776367
2020-03-09,-0.27575145668023415,34.36000061035156
2020-03-10,0.07995316913158357,37.220001220703125
2020-03-11,-0.03917773365260224,35.790000915527344
2020-03-12,-0.07451640942729076,33.220001220703125
2020-03-13,0.0187868133494411,33.849998474121094
2020-03-16,-0.1190763186884034,30.049999237060547
2020-03-17,-0.04492077853431686,28.729999542236328
2020-03-18,-0.14387762291816708,24.8799991607666
2020-03-19,0.1347866430320015,28.469999313354492
2020-03-20,-0.05375504335890202,26.979999542236328
2020-03-23,0.0018515518786137442,27.030000686645508
2020-03-24,0.004429646638048901,27.149999618530273
2020-03-25,0.00880092866175497,27.389999389648438
2020-03-26,-0.039089258883103994,26.34000015258789
2020-03-27,-0.0550167923313718,24.93000030517578
2020-03-30,-0.09106729046232376,22.760000228881836
2020-03-31,-0.0008791410572239755,22.739999771118164
2020-04-01,0.08429587945562744,24.739999771118164
2020-04-02,0.1907740391162247,29.940000534057617
2020-04-03,0.13039521749510197,34.11000061035156
2020-04-06,-0.031569071110885805,33.04999923706055
2020-04-07,-0.03635638845102784,31.8700008392334
2020-04-08,0.02998213446836484,32.84000015258789
2020-04-09,-0.042294880222841336,31.479999542236328
2020-04-13,0.008225298879325216,31.739999771118164
2020-04-14,-0.06980333366960956,29.600000381469727
2020-04-15,-0.06670301774761356,27.690000534057617
2020-04-16,0.004683819055750771,27.81999969482422
2020-04-17,0.00930240091494694,28.079999923706055
2020-04-20,-0.09363779907240932,25.56999969482422
2020-04-21,-0.2797614880948598,19.329999923706055
2020-04-22,0.05240498216487266,20.3700008392334
2020-04-23,0.0460512574682288,21.329999923706055
2020-04-24,0.00514383220558301,21.440000534057617
2020-04-27,-0.07002622404951264,19.989999771118164
2020-04-28,0.02323957871380511,20.459999084472656
2020-04-29,0.09681983345322687,22.540000915527344
2020-04-30,0.11432639028548452,25.270000457763672
2020-05-01,0.04526009566732769,26.440000534057617
2020-05-04,0.028338966168859336,27.200000762939453
2020-05-05,0.1298019704626041,30.969999313354492
2020-05-06,-0.04119877506806091,29.719999313354492
2020-05-07,-0.008786816788218577,29.459999084472656
2020-05-08,0.04998559185627949,30.969999313354492
2020-05-11,-0.04423163855209955,29.6299991607666
2020-05-12,0.011743144143782747,29.979999542236328
2020-05-13,-0.026704274243549708,29.190000534057617
2020-05-14,0.06434575433259182,31.1299991607666
2020-05-15,0.04306813184116676,32.5
2020-05-18,0.06866465193870397,34.810001373291016
2020-05-19,-0.004606971601575083,34.650001525878906
2020-05-20,0.03125249946719588,35.75
2020-05-21,0.008633986718654008,36.060001373291016
2020-05-22,-0.026128759176288874,35.130001068115234
2020-05-26,0.02917449865804933,36.16999816894531
2020-05-27,-0.040338186212367066,34.7400016784668
2020-05-28,0.01570785450208234,35.290000915527344
2020-05-29,0.0011328495680977824,35.33000183105469
2020-06-01,0.08123943194053806,38.31999969482422
2020-06-02,0.03209930254624904,39.56999969482422
2020-06-03,0.005544399762786423,39.790000915527344
2020-06-04,0.005013817383071384,39.9900016784668
2020-06-05,0.056157603184949334,42.29999923706055
2020-06-08,-0.036105005305218985,40.79999923706055
2020-06-09,0.009270646299800678,41.18000030517578
2020-06-10,0.013267574623387013,41.72999954223633
2020-06-11,-0.07926420341537543,38.54999923706055
2020-06-12,0.004658401488872865,38.72999954223633
2020-06-15,0.025240388202373953,39.720001220703125
2020-06-16,0.030741088469831812,40.959999084472656
2020-06-17,-0.006122218353626696,40.709999084472656
2020-06-18,0.019460581603823357,41.5099983215332
2020-06-19,0.016248871956385358,42.189998626708984
2020-06-22,0.02087570120568527,43.08000183105469
2020-06-23,-0.01050063895917619,42.630001068115234
2020-06-24,-0.05595864463528111,40.310001373291016
2020-06-25,0.018191206115502734,41.04999923706055
2020-06-26,-0.0007310535090647718,41.02000045776367
2020-06-29,0.016681122455266983,41.709999084472656
2020-06-30,-0.013516922055050173,41.150001525878906
2020-07-01,0.021159655769435126,42.029998779296875
2020-07-02,0.026067006839441298,43.13999938964844
2020-07-06,-0.0009276651063729879,43.099998474121094
2020-07-07,-0.0004640669147009113,43.08000183105469
2020-07-08,0.004862787810814062,43.290000915527344
2020-07-09,-0.021953297534727412,42.349998474121094
2020-07-10,0.020797646520598345,43.2400016784668
2020-07-13,-0.012098808362012381,42.720001220703125
2020-07-14,0.004204638275793204,42.900001525878906
2020-07-15,0.02053364021828763,43.790000915527344
2020-07-16,-0.009637568501230653,43.369998931884766
2020-07-17,-0.005317306406448896,43.13999938964844
2020-07-20,0.0032399795205884097,43.279998779296875
2020-07-21,0.023745429219853342,44.31999969482422
2020-07-22,-0.0006770969469891419,44.290000915527344
2020-07-23,-0.022375351671364285,43.310001373291016
2020-07-24,0.0006924126939904518,43.34000015258789
2020-07-27,0.0016138261675320287,43.40999984741211
2020-07-28,-0.004386446473781724,43.220001220703125
2020-07-29,0.012188233480942667,43.75
2020-07-30,-0.018687852334614785,42.939998626708984
2020-07-31,0.008348856919586645,43.29999923706055
2020-08-03,0.01944034422261698,44.150001525878906
2020-08-04,0.006321962205292575,44.43000030517578
2020-08-05,0.01651818531304272,45.16999816894531
2020-08-06,-0.0017726133124806864,45.09000015258789
2020-08-07,-0.015420992012246337,44.400001525878906
2020-08-10,0.013200776355812405,44.9900016784668
2020-08-11,-0.01095109098843805,44.5
2020-08-12,0.0206834973166119,45.43000030517578
2020-08-13,-0.010399501266523892,44.959999084472656
2020-08-14,-0.0035650628312420274,44.79999923706055
2020-08-17,0.012642947742507626,45.369998931884766
2020-08-18,0.001981728151663642,45.459999084472656
2020-08-19,-0.001981728151663642,45.369998931884766
2020-08-20,-0.01041324140140043,44.900001525878906
2020-08-21,-0.012325154381946923,44.349998474121094
2020-08-24,0.01743456315622982,45.130001068115234
2020-08-25,0.016046053232345425,45.86000061035156
2020-08-26,-0.004808779118073314,45.63999938964844
2020-08-27,-0.012124015803636201,45.09000015258789
2020-08-28,-0.0008875286981129271,45.04999923706055
2020-08-31,0.005092439816982264,45.279998779296875
2020-09-01,0.006603657053928735,45.58000183105469
2020-09-02,-0.025554140173360107,44.43000030517578
2020-09-03,-0.008135651887405615,44.06999969482422
2020-09-04,-0.0325175624627323,42.65999984741211
2020-09-08,-0.06989746672689412,39.779998779296875
2020-09-09,0.025072733034891215,40.790000915527344
2020-09-10,-0.018058611255838297,40.060001373291016
2020-09-11,-0.005757921353226614,39.83000183105469
2020-09-14,-0.005538816122446555,39.61000061035156
2020-09-15,0.022960783478856328,40.529998779296875
2020-09-16,0.040851660811377144,42.220001220703125
2020-09-17,0.025258546055509257,43.29999923706055
2020-09-18,-0.0034701644969592493,43.150001525878906
2020-09-21,-0.04043588807967069,41.439998626708984
2020-09-22,0.006734094580028938,41.720001220703125
2020-09-23,0.0011977300762393561,41.77000045776367
2020-09-24,0.004061603261357405,41.939998626708984
2020-09-25,-0.0004769963965447488,41.91999816894531
2020-09-28,0.012092670073640566,42.43000030517578
2020-09-29,-0.033552189704070035,41.029998779296875
2020-09-30,-0.001951647772538312,40.95000076293945
2020-10-01,-0.0004885309697253426,40.93000030517578
2020-10-02,-0.041402417713605644,39.27000045776367
2020-10-05,0.05015948182435226,41.290000915527344
2020-10-06,0.03240694764334995,42.650001525878906
2020-10-07,-0.015595775045335714,41.9900016784668
2020-10-08,0.03164446495981643,43.34000015258789
2020-10-09,-0.011370390194918034,42.849998474121094
2020-10-12,-0.026724950042018136,41.720001220703125
2020-10-13,0.017346271338023023,42.45000076293945
2020-10-14,0.020287484358087138,43.31999969482422
2020-10-15,-0.003700278233571108,43.15999984741211
2020-10-16,-0.005343247509380422,42.93000030517578
2020-10-19,-0.0072472877360434396,42.619998931884766
2020-10-20,0.012590535245423862,43.15999984741211
2020-10-21,-0.033693853220726044,41.72999954223633
2020-10-22,0.017342151079188906,42.459999084472656
2020-10-23,-0.016384045244762557,41.77000045776367
2020-10-26,-0.03186458035659623,40.459999084472656
2020-10-27,0.018124465761791164,41.20000076293945
2020-10-28,-0.05180445701037151,39.119998931884766
2020-10-29,-0.03830082308916305,37.650001525878906
2020-10-30,-0.005059322198083471,37.459999084472656
2020-11-02,0.03951847809898279,38.970001220703125
2020-11-03,0.018810871413031727,39.709999084472656
2020-11-04,0.03756311352829966,41.22999954223633
2020-11-05,-0.007302837655771555,40.93000030517578
2020-11-06,-0.03682923132906657,39.45000076293945
2020-11-09,0.07211433159433511,42.400001525878906
2020-11-10,0.028138097624732517,43.61000061035156
2020-11-11,0.00434730411333728,43.79999923706055
2020-11-12,-0.006183472442286675,43.529998779296875
2020-11-13,-0.017379652401580348,42.779998779296875
2020-11-16,0.02401965208319279,43.81999969482422
2020-11-17,-0.0015987143993938524,43.75
2020-11-18,0.013395594825856616,44.34000015258789
2020-11-19,-0.0031624012847539795,44.20000076293945
2020-11-20,0.017048378877556836,44.959999084472656
2020-11-23,0.024171738985518942,46.060001373291016
2020-11-24,0.038335171025278836,47.86000061035156
2020-11-25,0.015549188380374002,48.61000061035156
2020-11-27,-0.008885280092653325,48.18000030517578
2020-11-30,-0.012321345181480314,47.59000015258789
2020-12-01,-0.0035786163156150685,47.41999816894531
2020-12-02,0.01735178576128904,48.25
2020-12-03,0.009488501237986391,48.709999084472656
2020-12-04,0.011025038595116499,49.25
2020-12-07,-0.009383975025700764,48.790000915527344
2020-12-08,0.0010242597743470583,48.84000015258789
2020-12-09,0.0004094259546958412,48.86000061035156
2020-12-10,0.0280514686177451,50.25
2020-12-11,-0.005587697154351812,49.970001220703125
2020-12-14,0.006383418603998159,50.290000915527344
2020-12-15,0.009302341390633462,50.7599983215332
2020-12-16,0.006284457231676033,51.08000183105469
2020-12-17,0.008188740658549687,51.5
2020-12-18,0.014649420305155925,52.2599983215332
2020-12-21,-0.026171863057810274,50.90999984741211
2020-12-22,-0.01643760156259999,50.08000183105469
2020-12-23,0.022117783592186857,51.20000076293945
2020-12-24,0.0017562723045703166,51.290000915527344
2020-12-28,-0.008419047256599033,50.86000061035156
2020-12-29,0.004512014334761005,51.09000015258789
2020-12-30,0.0048813920857444515,51.34000015258789
2020-12-31,0.00891995612177654,51.79999923706055
2021-01-04,-0.013801348207520991,51.09000015258789
2021-01-05,0.04796025327951048,53.599998474121094
2021-01-06,0.012975173280573404,54.29999923706055
2021-01-07,0.0014722459565779111,54.380001068115234
2021-01-08,0.02917667449275907,55.9900016784668
2021-01-11,-0.005911379982459941,55.65999984741211
2021-01-12,0.016393844879329045,56.58000183105469
2021-01-13,-0.009233028002196164,56.060001373291016
2021-01-14,0.006401102886400167,56.41999816894531
2021-01-15,-0.023673984653883373,55.099998474121094
2021-01-19,0.014414718991668352,55.900001525878906
2021-01-20,0.0032148679194614616,56.08000183105469
2021-01-21,0.00035650995228753146,56.099998474121094
2021-01-22,-0.012375705203921505,55.40999984741211
2021-01-25,0.008446473377745178,55.880001068115234
2021-01-26,0.0005366988061767941,55.90999984741211
2021-01-27,-0.0017901629025018906,55.810001373291016
2021-01-28,-0.005029696136134909,55.529998779296875
2021-01-29,0.0062831602324600055,55.880001068115234
2021-02-01,0.008375659903981258,56.349998474121094
2021-02-02,0.01950682421065686,57.459999084472656
2021-02-03,0.01725370640450663,58.459999084472656
2021-02-04,0.006479154304153134,58.84000015258789
2021-02-05,0.008461719107588195,59.34000015258789
2021-02-08,0.02035101437163611,60.560001373291016
2021-02-09,0.00871355735370205,61.09000015258789
2021-02-10,0.0062010816180047,61.470001220703125
2021-02-11,-0.005382964297599102,61.13999938964844
2021-02-12,0.02087962748210348,62.43000030517578
2021-02-16,0.014628948718721446,63.349998474121094
2021-02-17,0.015506582212135633,64.33999633789062
2021-02-18,-0.006392725340568894,63.93000030517578
2021-02-19,-0.016083608395785376,62.90999984741211
2021-02-22,0.03636761385218712,65.23999786376953
2021-02-23,0.001990734631947433,65.37000274658203
2021-02-24,0.025225990189683856,67.04000091552734
2021-02-25,-0.002389542121131072,66.87999725341797
2021-02-26,-0.011277467555632192,66.12999725341797
2021-03-01,-0.03759491733233755,63.689998626708984
2021-03-02,-0.015666083014192367,62.70000076293945
2021-03-03,0.021614771080799677,64.06999969482422
2021-03-04,0.040828210427211964,66.73999786376953
2021-03-05,0.038505899957069545,69.36000061035156
2021-03-08,-0.016279469393293056,68.23999786376953
2021-03-09,-0.010607071308673888,67.5199966430664
2021-03-10,0.005612256467011356,67.9000015258789
2021-03-11,0.025159412471977838,69.62999725341797
2021-03-12,-0.005905613666752352,69.22000122070312
2021-03-15,-0.004924035597729137,68.87999725341797
2021-03-16,-0.007139214059158405,68.38999938964844
2021-03-17,-0.005718901009324817,68.0
2021-03-18,-0.07193840100721349,63.279998779296875
2021-03-19,0.01956090886202322,64.52999877929688
2021-03-22,0.0013937898690254968,64.62000274658203
2021-03-23,-0.061098686078818965,60.790000915527344
2021-03-24,0.057843640593898016,64.41000366210938
2021-03-25,-0.038941337024462896,61.95000076293945
2021-03-26,0.04142228152153926,64.56999969482422
2021-03-29,0.006329679989883097,64.9800033569336
2021-03-30,-0.013011397152898674,64.13999938964844
2021-03-31,-0.009398541499034962,63.540000915527344
2021-04-01,0.020561467039416748,64.86000061035156
2021-04-05,-0.042680267781192605,62.150001525878906
2021-04-06,0.009448387006998793,62.7400016784668
2021-04-07,0.0066719574562768,63.15999984741211
2021-04-08,0.0006331262530920867,63.20000076293945
2021-04-09,-0.003963540614513761,62.95000076293945
2021-04-12,0.005228531558768346,63.279998779296875
2021-04-13,0.0061441611015249364,63.66999816894531
2021-04-14,0.044690794378032805,66.58000183105469
2021-04-15,0.005392472606288834,66.94000244140625
2021-04-16,-0.002542904661039458,66.7699966430664
2021-04-19,0.0041848276486442515,67.05000305175781
2021-04-20,-0.007184634214016938,66.56999969482422
2021-04-21,-0.018955757598074996,65.31999969482422
2021-04-22,0.0012240183643816849,65.4000015258789
2021-04-23,0.010797748783216043,66.11000061035156
2021-04-26,-0.00698240658641236,65.6500015258789
2021-04-27,0.0116605643893406,66.41999816894531
2021-04-28,0.012716133754347325,67.2699966430664
2021-04-29,0.01899491654462171,68.55999755859375
2021-04-30,-0.019292220197799637,67.25
2021-05-03,0.0045990373207907,67.55999755859375
2021-05-04,0.019349764441851214,68.87999725341797
2021-05-05,0.0011607928346384355,68.95999908447266
2021-05-06,-0.01269630736772065,68.08999633789062
2021-05-07,0.00278657433683005,68.27999877929688
2021-05-10,0.0005856649651176937,68.31999969482422
2021-05-11,0.00336090551358037,68.55000305175781
2021-05-12,0.01117000991794903,69.31999969482422
2021-05-13,-0.033294805202640276,67.05000305175781
2021-05-14,0.02445608047612602,68.70999908447266
2021-05-17,0.010856298416816124,69.45999908447266
2021-05-18,-0.010856298416816124,68.70999908447266
2021-05-19,-0.03028960790174473,66.66000366210938
2021-05-20,-0.0235269711937951,65.11000061035156
2021-05-21,0.020221164868192254,66.44000244140625
2021-05-24,0.0299502982377442,68.45999908447266
2021-05-25,0.002771534712044499,68.6500015258789
2021-05-26,0.00319955499636837,68.87000274658203
2021-05-27,0.00853032469800663,69.45999908447266
2021-05-28,0.0024444353737846924,69.62999725341797
2021-06-01,0.008864838704783828,70.25
2021-06-02,0.01553701432316057,71.3499984741211
2021-06-03,-0.0005607867333248251,71.30999755859375
2021-06-04,0.008100628702012891,71.88999938964844
2021-06-07,-0.005579614608472561,71.48999786376953
2021-06-08,0.010159482854643187,72.22000122070312
2021-06-09,0.0,72.22000122070312
2021-06-10,0.004145306845011909,72.5199966430664
2021-06-11,0.002341517486206257,72.69000244140625
2021-06-14,0.002335942874371,72.86000061035156
2021-06-15,0.01539012010811458,73.98999786376953
2021-06-16,0.0053915959329184915,74.38999938964844
2021-06-17,-0.017766759433208712,73.08000183105469
2021-06-18,0.005866723881114311,73.51000213623047
2021-06-21,0.01873243044898576,74.9000015258789
2021-06-22,-0.001202377645832975,74.80999755859375
2021-06-23,0.005066742610206454,75.19000244140625
2021-06-24,0.004908734462717668,75.55999755859375
2021-06-25,0.008171954733961151,76.18000030517578
2021-06-28,-0.019886642296472523,74.68000030517578
2021-06-29,0.001070688401904718,74.76000213623047
2021-06-30,0.004936898661468625,75.12999725341797
2021-07-01,0.009405899836116838,75.83999633789062
2021-07-02,0.004341850686184756,76.16999816894531
2021-07-06,-0.02176594783072172,74.52999877929688
2021-07-07,-0.01486913689539282,73.43000030517578
2021-07-08,0.009352862853512889,74.12000274658203
2021-07-09,0.019109290639589105,75.55000305175781
2021-07-12,-0.005175505843187267,75.16000366210938
2021-07-13,0.017540762136098564,76.48999786376953
2021-07-14,-0.022876974243668968,74.76000213623047
2021-07-15,-0.01740583491469927,73.47000122070312
2021-07-16,0.0016319209276502988,73.58999633789062
2021-07-19,-0.0699250197185517,68.62000274658203
2021-07-20,0.010582047301988418,69.3499984741211
2021-07-21,0.04068939378010761,72.2300033569336
2021-07-22,0.021367714939107607,73.79000091552734
2021-07-23,0.004192278232407531,74.0999984741211
2021-07-26,0.00538361367563045,74.5
2021-07-27,-0.00026844734509179347,74.4800033569336
2021-07-28,0.003484717434758089,74.73999786376953
2021-07-29,0.017375663358428994,76.05000305175781
2021-07-30,0.003675010965433323,76.33000183105469
2021-08-02,-0.046114622778518743,72.88999938964844
2021-08-03,-0.0066069850451597745,72.41000366210938
2021-08-04,-0.028435369106961872,70.37999725341797
2021-08-05,0.012846985103432296,71.29000091552734
2021-08-06,-0.008310548234199189,70.69999694824219
2021-08-09,-0.02375946970163767,69.04000091552734
2021-08-10,0.022768884497928354,70.62999725341797
2021-08-11,0.01140302620853717,71.44000244140625
2021-08-12,-0.0018214349387717377,71.30999755859375
2021-08-13,-0.010148096274897433,70.58999633789062
2021-08-16,-0.015417781683693121,69.51000213623047
2021-08-17,-0.0069294828133781294,69.02999877929688
2021-08-18,-0.01165677500413409,68.2300033569336
2021-08-19,-0.02643466079396095,66.44999694824219
2021-08-20,-0.019297061142165894,65.18000030517578
2021-08-23,0.05332405845521926,68.75
2021-08-24,0.0329071609486844,71.05000305175781
2021-08-25,0.016748429497176254,72.25
2021-08-26,-0.016467024447754497,71.06999969482422
2021-08-27,0.022676040017274524,72.69999694824219
2021-08-30,0.009718873446328935,73.41000366210938
2021-08-31,-0.005737799812290056,72.98999786376953
2021-09-01,-0.019367067941931104,71.58999633789062
2021-09-02,0.01991495066275739,73.02999877929688
2021-09-03,-0.005767637118882618,72.61000061035156
2021-09-07,-0.012751359878217627,71.69000244140625
2021-09-08,0.012613598893308264,72.5999984741211
2021-09-09,-0.015967039149055395,71.44999694824219
2021-09-10,0.020365063035923114,72.91999816894531
2021-09-13,0.008058555746400131,73.51000213623047
2021-09-14,0.00122352455637742,73.5999984741211
2021-09-15,0.024957697400766143,75.45999908447266
2021-09-16,0.0027790541049892425,75.66999816894531
2021-09-17,-0.004370602852411309,75.33999633789062
2021-09-20,-0.019027751093457113,73.91999816894531
2021-09-21,0.005934768498638832,74.36000061035156
2021-09-22,0.024312081467269486,76.19000244140625
2021-09-23,0.01381666324927977,77.25
2021-09-24,0.010815045000717838,78.08999633789062
2021-09-27,0.018272332841506866,79.52999877929688
2021-09-28,-0.005547895391819324,79.08999633789062
2021-09-29,-0.005705930150686989,78.63999938964844
2021-09-30,-0.001527141421907352,78.5199966430664
2021-10-01,0.009632547968701388,79.27999877929688
2021-10-04,0.02466804222404484,81.26000213623047
2021-10-05,0.01587135531354278,82.55999755859375
2021-10-06,-0.01808892799484685,81.08000183105469
2021-10-07,0.010672923783464405,81.94999694824219
2021-10-08,0.00535479496884772,82.38999938964844
2021-10-11,0.015177382754642643,83.6500015258789
2021-10-12,-0.0027533788550924143,83.41999816894531
2021-10-13,-0.0028811288353445264,83.18000030517578
2021-10-14,0.00980986085968727,84.0
2021-10-15,0.010186048123318692,84.86000061035156
2021-10-18,-0.006265151667112612,84.33000183105469
2021-10-19,0.008854316554081088,85.08000183105469
2021-10-20,0.008660064153779956,85.81999969482422
2021-10-21,-0.014199605857266206,84.61000061035156
2021-10-22,0.010814707170354154,85.52999877929688
2021-10-25,0.005363808259558844,85.98999786376953
2021-10-26,0.004756707890617662,86.4000015258789
2021-10-27,-0.021289839777511865,84.58000183105469
2021-10-28,-0.003078772519338635,84.31999969482422
2021-10-29,0.0007112929722428163,84.37999725341797
2021-11-01,0.0039032734896391474,84.70999908447266
2021-11-02,0.00011806806615144438,84.72000122070312
2021-11-03,-0.03275445314851044,81.98999786376953
2021-11-04,-0.017843295762647315,80.54000091552734
2021-11-05,0.02694916842400108,82.73999786376953
2021-11-08,0.008304825357178025,83.43000030517578
2021-11-09,0.01605169095416148,84.77999877929688
2021-11-10,-0.025565834100294893,82.63999938964844
2021-11-11,0.0027793305784955535,82.87000274658203
2021-11-12,-0.008482898344852607,82.16999816894531
2021-11-15,-0.0014613949293798,82.05000305175781
2021-11-16,0.004620597297399165,82.43000030517578
2021-11-17,-0.02642894330481038,80.27999877929688
2021-11-18,0.011887201694312566,81.23999786376953
2021-11-19,-0.029353241046623957,78.88999938964844
2021-11-22,0.010215078135350275,79.69999694824219
2021-11-23,0.03222302981783187,82.30999755859375
2021-11-24,-0.0007291876779573769,82.25
2021-11-26,-0.12314692298991137,72.72000122070312
2021-11-29,0.009852312900213711,73.44000244140625
2021-11-30,-0.03986365886748544,70.56999969482422
2021-12-01,-0.024384411251017646,68.87000274658203
2021-12-02,0.011549073322922432,69.66999816894531
2021-12-03,0.0030096632013876246,69.87999725341797
2021-12-06,0.04477531060369788,73.08000183105469
2021-12-07,0.03178291412213863,75.44000244140625
2021-12-08,0.005024435375758252,75.81999969482422
2021-12-09,-0.01863740774904521,74.41999816894531
2021-12-10,0.009761438189286764,75.1500015258789
2021-12-13,-0.010164620504929722,74.38999938964844
2021-12-14,-0.009318758211047218,73.69999694824219
2021-12-15,0.0024393603673296127,73.87999725341797
2021-12-16,0.015312581751778964,75.0199966430664
2021-12-17,-0.020197267519269424,73.5199966430664
2021-12-20,-0.02758034845902202,71.5199966430664
2021-12-21,0.03381774785227165,73.9800033569336
2021-12-22,0.017552504241504785,75.29000091552734
2021-12-23,0.02050811410727338,76.8499984741211
2021-12-27,0.02251622989262625,78.5999984741211
2021-12-28,0.0043164211401229835,78.94000244140625
2021-12-29,0.003666956184559922,79.2300033569336
2021-12-30,0.001135242457569241,79.31999969482422
2021-12-31,-0.019605986770899975,77.77999877929688
2022-01-03,0.015310385328797693,78.9800033569336
2022-01-04,0.012831936311788361,80.0
2022-01-05,0.009950368622448025,80.80000305175781
2022-01-06,0.014620259256988177,81.98999786376953
2022-01-07,-0.002931452775954746,81.75
2022-01-10,-0.010822848706704136,80.87000274658203
2022-01-11,0.034634951087922694,83.72000122070312
2022-01-12,0.011283413869825232,84.66999816894531
2022-01-13,-0.002364869837680139,84.47000122070312
2022-01-14,0.018648242851074137,86.05999755859375
2022-01-18,0.01670839791721157,87.51000213623047
2022-01-19,0.01057128663545992,88.44000244140625
2022-01-20,-0.0006787149688420868,88.37999725341797
2022-01-21,-0.005559642993570257,87.88999938964844
2022-01-24,-0.01860415145551908,86.2699966430664
2022-01-25,0.02212505423577582,88.19999694824219
2022-01-26,0.019758188501749707,89.95999908447266
2022-01-27,-0.00691584198079731,89.33999633789062
2022-01-28,0.007693659628268179,90.02999877929688
2022-01-31,0.013021595592953794,91.20999908447266
2022-02-01,-0.022731980563366783,89.16000366210938
2022-02-02,0.0034708376120953233,89.47000122070312
2022-02-03,0.018164187221610284,91.11000061035156
2022-02-04,0.023430902322373548,93.2699966430664
2022-02-07,-0.006237858519983597,92.69000244140625
2022-02-08,-0.020821634645728615,90.77999877929688
2022-02-09,0.008446320873357394,91.55000305175781
2022-02-10,-0.0015303827266626158,91.41000366210938
2022-02-11,0.03260981634052662,94.44000244140625
2022-02-14,0.021371029704249977,96.4800033569336
2022-02-15,-0.03373005825721975,93.27999877929688
2022-02-16,0.016269153663611036,94.80999755859375
2022-02-17,-0.019597989581511932,92.97000122070312
2022-02-18,0.006112288487448048,93.54000091552734
2022-02-22,0.03467093216848571,96.83999633789062
2022-02-23,0.0,96.83999633789062
2022-02-24,0.022867528847950958,99.08000183105469
2022-02-25,-0.011674682252758473,97.93000030517578
2022-02-28,0.030768540036606673,100.98999786376953
2022-03-01,0.03865312579119884,104.97000122070312
2022-03-02,0.0730935537611499,112.93000030517578
2022-03-03,-0.02211470425319728,110.45999908447266
2022-03-04,0.06696294260668356,118.11000061035156
2022-03-07,0.04227381041454237,123.20999908447266
2022-03-08,0.03798381873550394,127.9800033569336
2022-03-09,-0.14108336558141676,111.13999938964844
2022-03-10,-0.016419814165684166,109.33000183105469
2022-03-11,0.030092327730235624,112.66999816894531
2022-03-14,-0.05256934361970078,106.9000015258789
2022-03-15,-0.06762401490588044,99.91000366210938
2022-03-16,-0.01909831216504365,98.0199966430664
2022-03-17,0.08428716491301103,106.63999938964844
2022-03-18,0.012024201517812472,107.93000030517578
2022-03-21,0.06882610374479103,115.62000274658203
2022-03-22,-0.0012115915454522508,115.4800033569336
2022-03-23,0.05163957311959244,121.5999984741211
2022-03-24,-0.021361405059356464,119.02999877929688
2022-03-25,0.0135182527938289,120.6500015258789
2022-03-28,-0.07011834681112283,112.4800033569336
2022-03-29,-0.020206335477944926,110.2300033569336
2022-03-30,0.028793061897141037,113.44999694824219
2022-03-31,-0.0500646040139241,107.91000366210938
2022-04-01,-0.033163700738974455,104.38999938964844
2022-04-04,0.029635987476857473,107.52999877929688
2022-04-05,-0.00831119690324833,106.63999938964844
2022-04-06,-0.05364532707985514,101.06999969482422
2022-04-07,-0.004859894118345309,100.58000183105469
2022-04-08,0.021637320738452814,102.77999877929688
2022-04-11,-0.042737253723566404,98.4800033569336
2022-04-12,0.06067236591235581,104.63999938964844
2022-04-13,0.03880160089703555,108.77999877929688
2022-04-14,0.026489195981081792,111.69999694824219
2022-04-18,0.01298610004145484,113.16000366210938
2022-04-19,-0.05364022098746446,107.25
2022-04-20,-0.004204602707520877,106.80000305175781
2022-04-21,0.014224185759434071,108.33000183105469
2022-04-22,-0.015629681635329185,106.6500015258789
2022-04-25,-0.04144730493668547,102.31999969482422
2022-04-26,0.025759932891834758,104.98999786376953
2022-04-27,0.0031382445506435985,105.31999969482422
2022-04-28,0.02132434083767709,107.58999633789062
2022-04-29,0.016134587405812084,109.33999633789062
2022-05-02,-0.016227486108495448,107.58000183105469
2022-05-03,-0.024560167188723447,104.97000122070312
2022-05-04,0.04807767161596477,110.13999938964844
2022-05-05,0.006876629822635927,110.9000015258789
2022-05-06,0.013346051984144403,112.38999938964844
2022-05-09,-0.05910204093795901,105.94000244140625
2022-05-10,-0.03340044958596433,102.45999908447266
2022-05-11,0.048111416791604356,107.51000213623047
2022-05-12,-0.0005582916803348326,107.44999694824219
2022-05-13,0.037447353549433515,111.55000305175781
2022-05-16,0.0238285316554796,114.23999786376953
2022-05-17,-0.020427801264113477,111.93000030517578
2022-05-18,-0.025517125366746107,109.11000061035156
2022-05-19,0.02649940530242212,112.04000091552734
2022-05-20,0.004541635904085517,112.55000305175781
2022-05-23,0.00770013197443653,113.41999816894531
2022-05-24,0.001233583664085991,113.55999755859375
2022-05-25,0.00413025085821328,114.02999877929688
2022-05-26,0.029125359427099262,117.4000015258789
2022-05-27,0.017143507844343375,119.43000030517578
2022-05-31,0.028152237524990298,122.83999633789062
2022-06-01,-0.054795586582847555,116.29000091552734
2022-06-02,0.011286991874821517,117.61000061035156
2022-06-03,0.017781622128246966,119.72000122070312
2022-06-06,-0.0017556254271164917,119.51000213623047
2022-06-07,0.008830426844411932,120.56999969482422
2022-06-08,0.024658239851478747,123.58000183105469
2022-06-09,-0.004135437745037329,123.06999969482422
2022-06-10,-0.008650270608659305,122.01000213623047
2022-06-13,0.002128660605117183,122.2699966430664
2022-06-14,-0.00903718356903127,121.16999816894531
2022-06-15,-0.02219713990588179,118.51000213623047
2022-06-16,0.010909771048393857,119.80999755859375
2022-06-17,-0.057457907845977374,113.12000274658203
2022-06-21,0.013434796184418119,114.6500015258789
2022-06-22,-0.025709297699796352,111.73999786376953
2022-06-23,-0.015239889210016955,110.05000305175781
2022-06-24,0.027514390725395188,113.12000274658203
2022-06-27,0.01726517273235828,115.08999633789062
2022-06-28,0.02480074786746922,117.9800033569336
2022-06-29,-0.014686066380541263,116.26000213623047
2022-06-30,-0.012550513806831809,114.80999755859375
2022-07-01,-0.028088760418663483,111.62999725341797
2022-07-05,-0.08269635744985226,102.7699966430664
2022-07-06,-0.02044693479816928,100.69000244140625
2022-07-07,0.03857494929850791,104.6500015258789
2022-07-08,0.02239423804301932,107.0199966430664
2022-07-11,0.0007472616906571972,107.0999984741211
2022-07-12,-0.07370584807700986,99.48999786376953
2022-07-13,0.0008037962055986725,99.56999969482422
2022-07-14,-0.0047314853964790515,99.0999984741211
2022-07-15,0.020574032064346603,101.16000366210938
2022-07-18,0.049279535792956075,106.2699966430664
2022-07-19,0.010111516314854185,107.3499984741211
2022-07-20,-0.004013635965480766,106.91999816894531
2022-07-21,-0.02903702985240475,103.86000061035156
2022-07-22,-0.0063750208166828415,103.19999694824219
2022-07-25,0.01871909318399201,105.1500015258789
2022-07-26,-0.0071582265959211355,104.4000015258789
2022-07-27,0.021041447090854426,106.62000274658203
2022-07-28,0.00486524760095719,107.13999938964844
2022-07-29,0.026434905413807996,110.01000213623047
2022-08-01,-0.095101161376137,100.02999877929688
2022-08-02,0.005085538576810045,100.54000091552734
2022-08-03,-0.0381153186185319,96.77999877929688
2022-08-04,-0.027869755711131816,94.12000274658203
2022-08-05,0.008463819236192549,94.91999816894531
2022-08-08,0.018061809164957587,96.6500015258789
2022-08-09,-0.0035240912187006757,96.30999755859375
2022-08-10,0.011254096091282584,97.4000015258789
2022-08-11,0.022335922955885934,99.5999984741211
2022-08-12,-0.014665213001616273,98.1500015258789
2022-08-15,-0.0315679827625166,95.0999984741211
2022-08-16,-0.029451576086479747,92.33999633789062
2022-08-17,0.014087067763647987,93.6500015258789
2022-08-18,0.03091073309372483,96.58999633789062
2022-08-19,0.0013450406502935053,96.72000122070312
2022-08-22,-0.0024844511545749626,96.4800033569336
2022-08-23,0.03803201393885125,100.22000122070312
2022-08-24,0.009928596134018974,101.22000122070312
2022-08-25,-0.018748105031027862,99.33999633789062
2022-08-26,0.016473208070769907,100.98999786376953
2022-08-29,0.03979561014456667,105.08999633789062
2022-08-30,-0.056570844698564215,99.30999755859375
2022-08-31,-0.028806892438682397,96.48999786376953
2022-09-01,-0.043745362798202514,92.36000061035156
2022-09-02,0.007120496612959215,93.0199966430664
2022-09-06,-0.0020446045709938687,92.83000183105469
2022-09-07,-0.053433068658450544,88.0
2022-09-08,0.012983546946802704,89.1500015258789
2022-09-09,0.040557180535842896,92.83999633789062
2022-09-12,0.012417240309151367,94.0
2022-09-13,-0.008869020460505972,93.16999816894531
2022-09-14,0.009932268566331892,94.0999984741211
2022-09-15,-0.03525835345231432,90.83999633789062
2022-09-16,0.005598589196845083,91.3499984741211
2022-09-19,0.007090310928679955,92.0
2022-09-20,-0.01511360750126478,90.62000274658203
2022-09-21,-0.008755953923106574,89.83000183105469
2022-09-22,0.006988738304229969,90.45999908447266
2022-09-23,-0.04881777324307546,86.1500015258789
2022-09-26,-0.024559180152468052,84.05999755859375
2022-09-27,0.02595107364318494,86.2699966430664
2022-09-28,0.03474354937876001,89.31999969482422
2022-09-29,-0.009335896416967415,88.48999786376953
2022-09-30,-0.00600737186022382,87.95999908447266
2022-10-03,0.010179949098340302,88.86000061035156
2022-10-04,0.032550226493543555,91.80000305175781
2022-10-05,0.01695779304194911,93.37000274658203
2022-10-06,0.011182771813540882,94.41999816894531
2022-10-07,0.03639790433903656,97.91999816894531
2022-10-10,-0.017825372518913696,96.19000244140625
2022-10-11,-0.01995027835832275,94.29000091552734
2022-10-12,-0.019707224363969544,92.44999694824219
2022-10-13,0.022672372977123878,94.56999969482422
2022-10-14,-0.03158159879801925,91.62999725341797
2022-10-17,-0.0001090805658483518,91.62000274658203
2022-10-18,-0.01750668387503307,90.02999877929688
2022-10-19,0.02609230296734122,92.41000366210938
2022-10-20,-0.0003247622577680076,92.37999725341797
2022-10-21,0.012050961023531315,93.5
2022-10-24,-0.002570122008285658,93.26000213623047
2022-10-25,0.0027839669821014823,93.5199966430664
2022-10-26,0.022938544036416708,95.69000244140625
2022-10-27,0.013184687573810194,96.95999908447266
2022-10-28,-0.012349064397193743,95.7699966430664
2022-10-31,-0.009863614277041854,94.83000183105469
2022-11-01,-0.001899940427839475,94.6500015258789
2022-11-02,0.01582761509378816,96.16000366210938
2022-11-03,-0.015616368071043496,94.66999816894531
2022-11-04,0.04036981178196264,98.56999969482422
2022-11-07,-0.006616152516796703,97.91999816894531
2022-11-08,-0.02649159034698112,95.36000061035156
2022-11-09,-0.028830240516888317,92.6500015258789
2022-11-10,0.010948978472457682,93.66999816894531
2022-11-11,0.024466049447618765,95.98999786376953
2022-11-14,-0.030140266119550674,93.13999938964844
2022-11-15,0.007700585867882026,93.86000061035156
2022-11-16,-0.010711327704467699,92.86000061035156
2022-11-17,-0.03373076940740827,89.77999877929688
2022-11-18,-0.02435290602491058,87.62000274658203
2022-11-21,-0.001942147164834651,87.44999694824219
2022-11-22,0.010352218892034415,88.36000061035156
2022-11-23,-0.033956152624594615,85.41000366210938
2022-11-25,-0.021060958283509734,83.62999725341797
2022-11-28,-0.0052750969082184795,83.19000244140625
2022-11-29,-0.0019252040711617013,83.02999877929688
2022-11-30,0.028495357163772717,85.43000030517578
2022-12-01,0.016830493836351934,86.87999725341797
2022-12-02,-0.015193073708535287,85.56999969482422
2022-12-05,-0.034357012358961825,82.68000030517578
2022-12-06,-0.041109310761924256,79.3499984741211
2022-12-07,-0.027857671000724338,77.16999816894531
2022-12-08,-0.01330565736298972,76.1500015258789
2022-12-09,-0.0006568545623073518,76.0999984741211
2022-12-12,0.0245323411346563,77.98999786376953
2022-12-13,0.033910130917231385,80.68000030517578
2022-12-14,0.024728848259543135,82.69999694824219
2022-12-15,-0.018181184107358916,81.20999908447266
2022-12-16,-0.02708431599803962,79.04000091552734
2022-12-19,0.009569477675640314,79.80000305175781
2022-12-20,0.002378057456169813,79.98999786376953
2022-12-21,0.027253664781615505,82.19999694824219
2022-12-22,-0.014953012878252459,80.9800033569336
2022-12-23,0.03566169021111687,83.91999816894531
2022-12-27,0.004873753030528505,84.33000183105469
2022-12-28,-0.012769427875346295,83.26000213623047
2022-12-29,-0.012083278652645468,82.26000213623047
2022-12-30,0.043415290505713244,85.91000366210938
2023-01-03,-0.04536228140447296,82.0999984741211
2023-01-04,-0.05328260704164567,77.83999633789062
2023-01-05,0.01086072274139216,78.69000244140625
2023-01-06,-0.0015261702689102208,78.56999969482422
2023-01-09,0.013652112209753042,79.6500015258789
2023-01-10,0.005633779511281745,80.0999984741211
2023-01-11,0.031580922090983066,82.66999816894531
2023-01-12,0.01631710629751293,84.02999877929688
2023-01-13,0.014766082690337967,85.27999877929688
2023-01-17,0.007476663345923562,85.91999816894531
2023-01-18,-0.011000635260100644,84.9800033569336
2023-01-19,0.01379010116242707,86.16000366210938
2023-01-20,0.016917298373093637,87.62999725341797
2023-01-23,0.006370231858753961,88.19000244140625
2023-01-24,-0.023635854671285372,86.12999725341797
2023-01-25,-0.00011604652362429135,86.12000274658203
2023-01-26,0.015554186998779862,87.47000122070312
2023-01-27,-0.009303432817319823,86.66000366210938
2023-01-30,-0.020518347280158444,84.9000015258789
2023-01-31,-0.004840952409035815,84.48999786376953
2023-02-01,-0.01972216656056247,82.83999633789062
2023-02-02,-0.008120742661005487,82.16999816894531
2023-02-03,-0.027513865835698148,79.94000244140625
2023-02-06,0.013049280060765334,80.98999786376953
2023-02-07,0.03279386133237505,83.69000244140625
2023-02-08,0.016589951606594155,85.08999633789062
2023-02-09,-0.0069579424602670414,84.5
2023-02-10,0.022120386942592773,86.38999938964844
2023-02-13,0.0025433680843587325,86.61000061035156
2023-02-14,-0.011963657005583883,85.58000183105469
2023-02-15,-0.0023397832235962923,85.37999725341797
2023-02-16,-0.002814895929692085,85.13999938964844
2023-02-17,-0.025456345434609062,83.0
2023-02-21,0.0006022650087356141,83.05000305175781
2023-02-22,-0.029944242224251738,80.5999984741211
2023-02-23,0.019778307446512322,82.20999908447266
2023-02-24,0.01148956899912612,83.16000366210938
2023-02-27,-0.008574495034549656,82.44999694824219
2023-02-28,0.017314397590414643,83.88999938964844
2023-03-01,0.004994043394504821,84.30999755859375
2023-03-02,0.005205293283469636,84.75
2023-03-03,0.012662870803072934,85.83000183105469
2023-03-06,0.004069518665202665,86.18000030517578
2023-03-07,-0.03410963078954232,83.29000091552734
2023-03-08,-0.007592651552425167,82.66000366210938
2023-03-09,-0.013029192830452452,81.58999633789062
2023-03-10,0.014479811017817035,82.77999877929688
2023-03-13,-0.024580903681667543,80.7699966430664
2023-03-14,-0.04197304043263017,77.44999694824219
2023-03-15,-0.04976538955026033,73.69000244140625
2023-03-16,0.013612913375578017,74.69999694824219
2023-03-17,-0.02343163677888871,72.97000122070312
2023-03-20,0.011174818971111833,73.79000091552734
2023-03-21,0.02052246625975318,75.31999969482422
2023-03-22,0.018025653874278902,76.69000244140625
2023-03-23,-0.010222877340052783,75.91000366210938
2023-03-24,-0.012193733445029054,74.98999786376953
2023-03-27,0.04089139834055189,78.12000274658203
2023-03-28,0.0067615077381848465,78.6500015258789
2023-03-29,-0.004715521971348835,78.27999877929688
2023-03-30,0.012567577567152988,79.2699966430664
2023-03-31,0.006287747339412952,79.7699966430664
2023-04-03,0.06267993954480033,84.93000030517578
2023-04-04,0.00011776224265958035,84.94000244140625
2023-04-05,0.0005884237476143639,84.98999786376953
2023-04-06,0.0015284804850557165,85.12000274658203
2023-04-10,-0.011104690892809188,84.18000030517578
2023-04-11,0.016844738916136137,85.61000061035156
2023-04-12,0.019891961508879952,87.33000183105469
2023-04-13,-0.014300849261005055,86.08999633789062
2023-04-14,0.0025522198133725027,86.30999755859375
2023-04-17,-0.018121679341700947,84.76000213623047
2023-04-18,0.00011790841643932737,84.7699966430664
2023-04-19,-0.019656287185275012,83.12000274658203
2023-04-20,-0.024602437527963872,81.0999984741211
2023-04-21,0.006881388430661772,81.66000366210938
2023-04-24,0.01301800304182521,82.7300033569336
2023-04-25,-0.023976765886505547,80.7699966430664
2023-04-26,-0.038878987505261975,77.69000244140625
2023-04-27,0.008714655723814246,78.37000274658203
2023-04-28,0.014818815178703204,79.54000091552734
2023-05-01,-0.0028958579776752202,79.30999755859375
2023-05-02,-0.051618493574916435,75.31999969482422
2023-05-03,-0.040506693560753426,72.33000183105469
2023-05-04,0.0023475556841532352,72.5
2023-05-05,0.03789361347321041,75.30000305175781
2023-05-08,0.02245513595696913,77.01000213623047
2023-05-09,0.005568163203936827,77.44000244140625
2023-05-10,-0.013389848908174962,76.41000366210938
2023-05-11,-0.018892169507751966,74.9800033569336
2023-05-12,-0.010861725017620394,74.16999816894531
2023-05-15,0.014190401133204134,75.2300033569336
2023-05-16,-0.004262690347822229,74.91000366210938
2023-05-17,0.026998352614725718,76.95999908447266
2023-05-18,-0.014396250154789847,75.86000061035156
2023-05-19,-0.003697822158463815,75.58000183105469
2023-05-22,0.005410002421646354,75.98999786376953
2023-05-23,0.011123565671763203,76.83999633789062
2023-05-24,0.01958831062394939,78.36000061035156
2023-05-25,-0.027165018423530363,76.26000213623047
2023-05-26,0.009007238184036481,76.94999694824219
2023-05-30,-0.045326332303411654,73.54000091552734
2023-05-31,-0.012038411128826532,72.66000366210938
2023-06-01,0.022050642857020186,74.27999877929688
2023-06-02,0.024600649189896018,76.12999725341797
2023-06-05,0.007589696795695211,76.70999908447266
2023-06-06,-0.005490185933531677,76.29000091552734
2023-06-07,0.008613940523158448,76.94999694824219
2023-06-08,-0.012948946734587352,75.95999908447266
2023-06-09,-0.015522675446446144,74.79000091552734
2023-06-12,-0.04024282542685054,71.83999633789062
2023-06-13,0.0335349924693773,74.29000091552734
2023-06-14,-0.014780986210825908,73.19999694824219
2023-06-15,0.03318637723195117,75.66999816894531
2023-06-16,0.012345867987190395,76.61000061035156
2023-06-20,-0.00931091999033562,75.9000015258789
2023-06-21,0.015945981411292998,77.12000274658203
2023-06-22,-0.03940749642651653,74.13999938964844
2023-06-23,-0.003919201174645615,73.8499984741211
2023-06-26,0.004458587859914154,74.18000030517578
2023-06-27,-0.026223820892829153,72.26000213623047
2023-06-28,0.024199644683097432,74.02999877929688
2023-06-29,0.004178715641773856,74.33999633789062
2023-06-30,0.007504795287911037,74.9000015258789
2023-07-03,-0.003343366469747977,74.6500015258789
2023-07-05,0.02643908079927826,76.6500015258789
2023-07-06,-0.001697524522882965,76.5199966430664
2023-07-07,0.025164300993649746,78.47000122070312
2023-07-10,-0.009989821308382218,77.69000244140625
2023-07-11,0.02177180708340476,79.4000015258789
2023-07-12,0.0089023103752357,80.11000061035156
2023-07-13,0.015483061396223796,81.36000061035156
2023-07-14,-0.018483411924714588,79.87000274658203
2023-07-17,-0.01730172252908968,78.5
2023-07-18,0.014292246989189294,79.62999725341797
2023-07-19,-0.002137132912964468,79.45999908447266
2023-07-20,0.0022627326675257464,79.63999938964844
2023-07-21,0.017796503703152666,81.06999969482422
2023-07-24,0.020390159979404743,82.73999786376953
2023-07-25,0.01081873204839745,83.63999938964844
2023-07-26,-0.008645601777673484,82.91999816894531
2023-07-27,0.015793576981462998,84.23999786376953
2023-07-28,0.008863734908596044,84.98999786376953
2023-07-31,0.006684278304315505,85.55999755859375
2023-08-01,-0.0076259405391923,84.91000366210938
2023-08-02,-0.020344603993196486,83.19999694824219
2023-08-03,0.023049642083826427,85.13999938964844
2023-08-04,0.012837129158717708,86.23999786376953
2023-08-07,-0.010490847542063975,85.33999633789062
2023-08-08,0.009678833154485034,86.16999816894531
2023-08-09,0.015888025586828114,87.55000305175781
2023-08-10,-0.013222400118529265,86.4000015258789
2023-08-11,0.004734100809510977,86.80999755859375
2023-08-14,-0.006935624678057195,86.20999908447266
2023-08-15,-0.015429876042133195,84.88999938964844
2023-08-16,-0.017108680022017708,83.44999694824219
2023-08-17,0.007996769947311577,84.12000274658203
2023-08-18,0.008051195300307512,84.80000305175781
2023-08-21,-0.004017540119543916,84.45999908447266
2023-08-22,-0.005104175252887977,84.02999877929688
2023-08-23,-0.009806341503408866,83.20999908447266
2023-08-24,0.0018010634172060946,83.36000061035156
2023-08-25,0.013346274367448174,84.4800033569336
2023-08-28,-0.0007105410298491321,84.41999816894531
2023-08-29,0.012595066385536313,85.48999786376953
2023-08-30,0.004318684855030064,85.86000061035156
2023-08-31,0.011579564228420658,86.86000061035156
2023-09-01,0.019269764558991653,88.55000305175781
2023-09-05,0.016686627514028274,90.04000091552734
2023-09-06,0.006200170000465022,90.5999984741211
2023-09-07,-0.007533830424775623,89.91999816894531
2023-09-08,0.008085588251272924,90.6500015258789
2023-09-11,-0.00011034404754894922,90.63999938964844
2023-09-12,0.015544901883414397,92.05999755859375
2023-09-13,-0.001957163941612272,91.87999725341797
2023-09-14,0.01961480874716859,93.69999694824219
2023-09-15,0.0024516705804717986,93.93000030517578
2023-09-18,0.005308995251350979,94.43000030517578
2023-09-19,-0.0009535834688341183,94.33999633789062
2023-09-20,-0.00862301164291246,93.52999877929688
2023-09-21,-0.0024620868326143963,93.30000305175781
2023-09-22,-0.00032166381518106135,93.2699966430664
2023-09-25,0.00021445403944486685,93.29000091552734
2023-09-26,0.0071562192602652175,93.95999908447266
2023-09-27,0.027191890435665833,96.55000305175781
2023-09-28,-0.01219215640870619,95.37999725341797
2023-09-29,-0.0007341727397642828,95.30999755859375
2023-10-02,-0.049467116800159694,90.70999908447266
2023-10-03,0.002312384311208504,90.91999816894531
2023-10-04,-0.05784445747743039,85.80999755859375
2023-10-05,-0.020485739850541584,84.06999969482422
2023-10-06,0.006048072175947716,84.58000183105469
2023-10-09,0.04134207246077359,88.1500015258789
2023-10-10,-0.00568829737789045,87.6500015258789
2023-10-11,-0.021099552768635732,85.81999969482422
2023-10-12,0.00209522024612685,86.0
2023-10-13,0.055302681161894185,90.88999938964844
2023-10-16,-0.013736760343859622,89.6500015258789
2023-10-17,0.002784741379101341,89.9000015258789
2023-10-18,0.01764101383083272,91.5
2023-10-19,0.009571502989634162,92.37999725341797
2023-10-20,-0.002384238587099574,92.16000366210938
2023-10-23,-0.025607221059341434,89.83000183105469
2023-10-24,-0.019787066272451526,88.06999969482422
2023-10-25,0.023121092742539595,90.12999725341797
2023-10-26,-0.02471199523317935,87.93000030517578
2023-10-27,0.028587822047674294,90.4800033569336
2023-10-30,-0.03406170234181527,87.44999694824219
2023-10-31,-0.00045743207927007035,87.41000366210938
2023-11-01,-0.03232095326015294,84.62999725341797
2023-11-02,0.025893693889970315,86.8499984741211
2023-11-03,-0.022826181558018632,84.88999938964844
2023-11-06,0.0034103745178182265,85.18000030517578
2023-11-07,-0.042814857117750016,81.61000061035156
2023-11-08,-0.025691759670213088,79.54000091552734
2023-11-09,0.005891602271755225,80.01000213623047
2023-11-10,0.01759210566517133,81.43000030517578
2023-11-13,0.013296888296061127,82.5199966430664
2023-11-14,-0.0006060418757600772,82.47000122070312
2023-11-15,-0.01576569047704801,81.18000030517578
2023-11-16,-0.047423793671424797,77.41999816894531
2023-11-17,0.04037759736859492,80.61000061035156
2023-11-20,0.020991368951435163,82.31999969482422
2023-11-21,0.0015779241735653926,82.44999694824219
2023-11-22,-0.005960699791888402,81.95999908447266
2023-11-23,-0.007224623737482894,81.37000274658203
2023-11-24,-0.009756185976160126,80.58000183105469
2023-11-27,-0.007473857095805059,79.9800033569336
2023-11-28,0.021032532201812337,81.68000030517578
2023-11-29,0.017235505906795012,83.0999984741211
2023-11-30,-0.0032543467830921102,82.83000183105469
2023-12-01,-0.04886266124172245,78.87999725341797
2023-12-04,-0.01083432298998055,78.02999877929688
2023-12-05,-0.010693934984458586,77.19999694824219
2023-12-06,-0.038288424703019075,74.30000305175781
2023-12-07,-0.0033704108712377945,74.05000305175781
2023-12-08,0.02388522773352708,75.83999633789062
2023-12-11,0.0025021735253414334,76.02999877929688
2023-12-12,-0.03738629254602799,73.23999786376953
2023-12-13,0.013830786877067958,74.26000213623047
2023-12-14,0.031155146979886084,76.61000061035156
2023-12-15,-0.0007834625258311689,76.55000305175781
2023-12-18,0.018123394383693814,77.94999694824219
2023-12-19,0.01628750099303744,79.2300033569336
2023-12-20,0.005914490158980712,79.69999694824219
2023-12-21,-0.003897139456600307,79.38999938964844
2023-12-22,-0.004038875825735033,79.06999969482422
2023-12-26,0.024979443011995173,81.06999969482422
2023-12-27,-0.01767091972190915,79.6500015258789
2023-12-28,-0.01594569509881616,78.38999938964844
2023-12-29,-0.017371581040879214,77.04000091552734
2024-01-02,-0.015039864000423009,75.88999938964844
2024-01-03,0.030623914047024137,78.25
2024-01-04,-0.008470323712619354,77.58999633789062
2024-01-05,0.014966775186572967,78.76000213623047
2024-01-08,-0.0340942023840034,76.12000274658203
2024-01-09,0.019127427197430436,77.58999633789062
2024-01-10,-0.010233825817588027,76.80000305175781
2024-01-11,0.007911338634527532,77.41000366210938
2024-01-12,0.011303874089291455,78.29000091552734
2024-01-16,0.0,78.29000091552734
2024-01-17,-0.005250747376723375,77.87999725341797
2024-01-18,0.015543710245951914,79.0999984741211
2024-01-19,-0.006850222513856252,78.55999755859375
2024-01-22,0.01891369010047317,80.05999755859375
2024-01-23,-0.006390529923161914,79.55000305175781
2024-01-24,0.006140728007347107,80.04000091552734
2024-01-25,0.029422930873472808,82.43000030517578
2024-01-26,0.0134958395401501,83.55000305175781
2024-01-29,-0.013859836134154868,82.4000015258789
2024-01-30,0.00568769257083801,82.87000274658203
2024-01-31,-0.014096765812189105,81.70999908447266
2024-02-01,-0.03753326554576564,78.69999694824219
2024-02-02,-0.017561114346860585,77.33000183105469
2024-02-05,0.008498583651928904,77.98999786376953
2024-02-06,0.0076638323291069455,78.58999633789062
2024-02-07,0.00785812363752747,79.20999908447266
2024-02-08,0.03009426589858144,81.62999725341797
2024-02-09,0.006836862048286818,82.19000244140625
2024-02-12,-0.0023144226005742397,82.0
2024-02-13,0.009346389075679085,82.7699966430664
2024-02-14,-0.014236393069367637,81.5999984741211
2024-02-15,0.015323200744749244,82.86000061035156
2024-02-16,0.0073348564717843345,83.47000122070312
2024-02-20,-0.013630328620800825,82.33999633789062
2024-02-21,0.008345001705689192,83.02999877929688
2024-02-22,0.007678494851276696,83.66999816894531
2024-02-23,-0.024806104794758532,81.62000274658203
2024-02-26,0.011087485185065304,82.52999877929688
2024-02-27,0.013479596860492826,83.6500015258789
2024-02-28,0.0003585582894878314,83.68000030517578
2024-02-29,-0.0007172451891381826,83.62000274658203
2024-03-01,-0.0008374672068844902,83.55000305175781
2024-03-04,-0.009017193319336592,82.80000305175781
2024-03-05,-0.00922115388448752,82.04000091552734
2024-03-06,0.011151608521799083,82.95999908447266
2024-03-07,0.0,82.95999908447266
2024-03-08,-0.010664149154872682,82.08000183105469
2024-03-11,0.0015825342969639777,82.20999908447266
2024-03-12,-0.003533799088138778,81.91999816894531
2024-03-13,0.025430724473679334,84.02999877929688
2024-03-14,0.016406380564284007,85.41999816894531
2024-03-15,-0.0009370091295579641,85.33999633789062
2024-03-18,0.01799970897883707,86.88999938964844
2024-03-19,0.005623448263974318,87.37999725341797
2024-03-20,-0.016500695768013607,85.94999694824219
2024-03-21,-0.0019798314645509407,85.77999877929688
2024-03-22,-0.004088534122348442,85.43000030517578
2024-03-25,0.015333088091209035,86.75
2024-03-26,-0.005780362915499104,86.25
2024-03-27,-0.0018568377797576474,86.08999633789062
2024-03-28,0.016017016050581034,87.4800033569336
2024-04-01,-0.0006861656926142601,87.41999816894531
2024-04-02,0.01701300001415884,88.91999816894531
2024-04-03,0.004824156024051618,89.3499984741211
2024-04-04,0.014444729505611598,90.6500015258789
2024-04-05,0.005719921479349743,91.16999816894531
2024-04-08,-0.008702901918985262,90.37999725341797
2024-04-09,-0.010678623265045317,89.41999816894531
2024-04-10,0.01178451858043239,90.4800033569336
2024-04-11,-0.008212292166078328,89.73999786376953
2024-04-12,0.007880601358408512,90.44999694824219
2024-04-15,-0.0038770304226831698,90.0999984741211
2024-04-16,-0.0008883171050886318,90.0199966430664
2024-04-17,-0.03079591133821058,87.29000091552734
2024-04-18,-0.002064224398123038,87.11000061035156
2024-04-19,0.002064224398123038,87.29000091552734
2024-04-22,-0.003327800581016227,87.0
2024-04-23,0.01619004903491028,88.41999816894531
2024-04-24,-0.004534144444853894,88.0199966430664
2024-04-25,0.011184723726092471,89.01000213623047
2024-04-26,0.005489878310076968,89.5
2024-04-29,-0.012366638376138717,88.4000015258789
2024-04-30,-0.006127341410172349,87.86000061035156
2024-05-01,-0.051616805542558986,83.44000244140625
2024-05-02,0.002752628471323959,83.66999816894531
2024-05-03,-0.008521915537760272,82.95999908447266
2024-05-06,0.004450097482147086,83.33000183105469
2024-05-07,-0.0020421433409296696,83.16000366210938
2024-05-08,0.005037771900857635,83.58000183105469
2024-05-09,0.003582894361957578,83.87999725341797
2024-05-10,-0.013079881080392042,82.79000091552734
2024-05-13,0.006861293117788492,83.36000061035156
2024-05-14,-0.01182592965939655,82.37999725341797
2024-05-15,0.004481358589636386,82.75
2024-05-16,0.0062642856767132216,83.2699966430664
2024-05-17,0.00849041529517347,83.9800033569336
2024-05-20,-0.0032202814939870095,83.70999908447266
2024-05-21,-0.009964688363161223,82.87999725341797
2024-05-22,-0.011894735881886831,81.9000015258789
2024-05-23,-0.0066152502478562525,81.36000061035156
2024-05-24,0.009297866354522455,82.12000274658203
2024-05-28,0.025250811631310377,84.22000122070312
2024-05-29,-0.007388935389484708,83.5999984741211
2024-05-30,-0.02103302331821677,81.86000061035156
2024-05-31,-0.002936114891793906,81.62000274658203
2024-06-03,-0.04076076276309415,78.36000061035156
2024-06-04,-0.01077767658699802,77.5199966430664
2024-06-05,0.011415592669038688,78.41000366210938
2024-06-06,0.018448830370001446,79.87000274658203
2024-06-07,-0.003134995249149952,79.62000274658203
2024-06-10,0.024931455748237852,81.62999725341797
2024-06-11,0.003546331122914914,81.91999816894531
2024-06-12,0.008266523114365931,82.5999984741211
2024-06-13,0.0018143522033504667,82.75
2024-06-14,-0.0015721990450048295,82.62000274658203
2024-06-17,0.019536754020303526,84.25
2024-06-18,0.012737544774532594,85.33000183105469
2024-06-20,0.004443380222101112,85.70999908447266
2024-06-21,-0.005498712060050259,85.23999786376953
2024-06-24,0.008992811231334663,86.01000213623047
2024-06-25,-0.011694671641954812,85.01000213623047
2024-06-26,0.0028191944051920714,85.25
2024-06-27,0.013283805142094707,86.38999938964844
2024-06-28,0.00023153092820660248,86.41000366210938
2024-07-01,0.002196345714613024,86.5999984741211
2024-07-02,-0.004165715558615446,86.23999786376953
2024-07-03,0.012674423738139318,87.33999633789062
2024-07-05,-0.00920176075208623,86.54000091552734
2024-07-08,-0.009170659329928554,85.75
2024-07-09,-0.012792807696606623,84.66000366210938
2024-07-10,0.0049487335041575875,85.08000183105469
2024-07-11,0.003754106808358415,85.4000015258789
2024-07-12,-0.004341997620404214,85.02999877929688
2024-07-15,-0.002119147344571637,84.8499984741211
2024-07-16,-0.013287597388280226,83.7300033569336
2024-07-17,0.015994635544897662,85.08000183105469
2024-07-18,0.00035253280659475195,85.11000061035156
2024-07-19,-0.029571767186628684,82.62999725341797
2024-07-22,-0.002787322040193274,82.4000015258789
2024-07-23,-0.01701282522101355,81.01000213623047
2024-07-24,0.008603751979662455,81.70999908447266
2024-07-25,0.00804494410558032,82.37000274658203
2024-07-26,-0.015168553744715929,81.12999725341797
2024-07-29,-0.016779941376492857,79.77999877929688
2024-07-30,-0.014519560103429363,78.62999725341797
2024-07-31,0.026233120095073836,80.72000122070312
2024-08-01,-0.014977871034679957,79.5199966430664
2024-08-02,-0.03467371190777335,76.80999755859375
2024-08-05,-0.006661829938348518,76.30000305175781
2024-08-06,0.002356334348868394,76.4800033569336
2024-08-07,0.02390138211920334,78.33000183105469
2024-08-08,0.010540472241174825,79.16000366210938
2024-08-09,0.006296456728761335,79.66000366210938
2024-08-12,0.03260352103867614,82.30000305175781
2024-08-13,-0.019756462646890682,80.69000244140625
2024-08-14,-0.011592529680216401,79.76000213623047
2024-08-15,0.015920718800842337,81.04000091552734
2024-08-16,-0.016924254131295946,79.68000030517578
2024-08-19,-0.025678245647169362,77.66000366210938
2024-08-20,-0.005940953959002293,77.19999694824219
2024-08-21,-0.015008358666579014,76.05000305175781
2024-08-22,0.015267447810602519,77.22000122070312
2024-08-23,0.023042435856956978,79.0199966430664
2024-08-26,0.030042816725578625,81.43000030517578
2024-08-27,-0.02335796608018903,79.55000305175781
2024-08-28,-0.011378144241395383,78.6500015258789
2024-08-29,0.016268734918497785,79.94000244140625
2024-08-30,-0.014363348231936968,78.80000305175781
2024-09-03,-0.0662320403717942,73.75
2024-09-04,-0.014339652657867852,72.69999694824219
2024-09-05,-0.00013748547896863528,72.69000244140625
2024-09-06,-0.02267930084718195,71.05999755859375
2024-09-09,0.010916816782121863,71.83999633789062
2024-09-10,-0.037584994221777634,69.19000244140625
2024-09-11,0.02031540737598192,70.61000061035156
2024-09-12,0.01907759630875283,71.97000122070312
2024-09-13,-0.0050146449388686065,71.61000061035156
2024-09-16,0.015794168509480677,72.75
2024-09-17,0.012973851735847752,73.69999694824219
2024-09-18,-0.0006785941608349333,73.6500015258789
2024-09-19,0.01656263186293927,74.87999725341797
2024-09-20,-0.00522193597945364,74.48999786376953
2024-09-23,-0.007952010908057083,73.9000015258789
2024-09-24,0.017039342228485133,75.16999816894531
2024-09-25,-0.023011162901943827,73.45999908447266
2024-09-26,-0.02564597527314305,71.5999984741211
2024-09-27,0.0052932966324741315,71.9800033569336
2024-09-30,-0.0029218346194292977,71.7699966430664
2024-10-01,0.024634851878315267,73.55999755859375
2024-10-02,0.004611482055241645,73.9000015258789
2024-10-03,0.049112312723694984,77.62000274658203
2024-10-04,0.005524524735737835,78.05000305175781
2024-10-07,0.036234901216995574,80.93000030517578
2024-10-08,-0.047444227214920254,77.18000030517578
2024-10-09,-0.007804390104052317,76.58000183105469
2024-10-10,0.036162417511208744,79.4000015258789
2024-10-11,-0.004544322448007065,79.04000091552734
2024-10-14,-0.020192402755450978,77.45999908447266
2024-10-15,-0.04232388458444092,74.25
2024-10-16,-0.0004041056032662027,74.22000122070312
2024-10-17,0.0030940460597719266,74.44999694824219
2024-10-18,-0.018846730188634808,73.05999755859375
2024-10-21,0.016695377536730227,74.29000091552734
2024-10-22,0.02328316417289411,76.04000091552734
2024-10-23,-0.014304903943682667,74.95999908447266
2024-10-24,-0.007767574146050116,74.37999725341797
2024-10-25,0.022204007263037617,76.05000305175781
2024-10-28,-0.06281314230514923,71.41999816894531
2024-10-29,-0.004209286703829029,71.12000274658203
2024-10-30,0.01990739156976673,72.55000305175781
2024-10-31,0.008372852184435509,73.16000366210938
2024-11-01,-0.000820527696957285,73.0999984741211
2024-11-04,0.026725890224480686,75.08000183105469
2024-11-05,0.005975676057168755,75.52999877929688
2024-11-06,-0.008109059027769483,74.91999816894531
2024-11-07,0.009432140416143042,75.62999725341797
2024-11-08,-0.02354616482996086,73.87000274658203
2024-11-11,-0.02800458714372489,71.83000183105469
2024-11-12,0.0008349229274910996,71.88999938964844
2024-11-13,0.005410284329791182,72.27999877929688
2024-11-14,0.0038663233246616358,72.55999755859375
2024-11-15,-0.02117066058875139,71.04000091552734
2024-11-18,0.03131753895500289,73.30000305175781
2024-11-19,0.00013634140658691507,73.30999755859375
2024-11-20,-0.006843717057570586,72.80999755859375
2024-11-21,0.01931515147743834,74.2300033569336
2024-11-22,0.012583764477665405,75.16999816894531
2024-11-25,-0.029155743503111786,73.01000213623047
2024-11-26,-0.00274317245199196,72.80999755859375
2024-11-27,0.0002747084958878432,72.83000183105469
2024-11-29,0.0015092354806531816,72.94000244140625
2024-12-02,-0.01533497727375277,71.83000183105469
2024-12-03,0.02461452368021444,73.62000274658203
2024-12-04,-0.01795436683461915,72.30999755859375
2024-12-05,-0.003047110806453368,72.08999633789062
2024-12-06,-0.013546657792724126,71.12000274658203
2024-12-09,0.014240037190107913,72.13999938964844
2024-12-10,0.0006928989555055054,72.19000244140625
2024-12-11,0.018255866417044686,73.5199966430664
2024-12-12,-0.001497216378898436,73.41000366210938
2024-12-13,0.01460464350170998,74.48999786376953
2024-12-16,-0.007816673165080168,73.91000366210938
2024-12-17,-0.009789353374784149,73.19000244140625
2024-12-18,0.002728845270185687,73.38999938964844
2024-12-19,-0.006973462975080835,72.87999725341797
2024-12-20,0.0008230035866247931,72.94000244140625
2024-12-23,-0.004259197049971242,72.62999725341797
2024-12-24,0.012995252759855802,73.58000183105469
2024-12-26,-0.00435848805160699,73.26000213623047
2024-12-27,0.012344944550954473,74.16999816894531
2024-12-30,0.00296178493729915,74.38999938964844
2024-12-31,0.0033550323633200207,74.63999938964844
2025-01-02,0.017135318882497863,75.93000030517578
2025-01-03,0.007609611920377013,76.51000213623047
2025-01-06,-0.002748500877455484,76.30000305175781
2025-01-07,0.009781623086387192,77.05000305175781
2025-01-08,-0.011618162806095178,76.16000366210938
2025-01-09,0.009929458348387321,76.91999816894531
2025-01-10,0.03625625552089762,79.76000213623047
2025-01-13,0.015550477775546412,81.01000213623047
2025-01-14,-0.013546518783156714,79.91999816894531
2025-01-15,0.026058907704276102,82.02999877929688
2025-01-16,-0.00906200011251368,81.29000091552734
2025-01-17,-0.006169812197161839,80.79000091552734
2025-01-21,-0.018741177992928293,79.29000091552734
2025-01-22,-0.003664176363853855,79.0
2025-01-23,-0.00902795985314686,78.29000091552734
2025-01-24,0.0026787321744885517,78.5
2025-01-27,-0.018254757486947604,77.08000183105469
2025-01-28,0.005305000906621338,77.48999786376953
2025-01-29,-0.011812898248537707,76.58000183105469
2025-01-30,0.0037797491317608234,76.87000274658203
2025-01-31,-0.001432020121765909,76.76000213623047
2025-02-03,-0.010476825078164609,75.95999908447266
2025-02-04,0.0031545487519553106,76.19999694824219
2025-02-05,-0.02108686797930215,74.61000061035156
2025-02-06,-0.004298189176572542,74.29000091552734
2025-02-07,0.0049681570495136995,74.66000366210938
2025-02-10,0.016076863014219178,75.87000274658203
2025-02-11,0.014784036302541104,77.0
2025-02-12,-0.023920179658383667,75.18000030517578
2025-02-13,-0.002130542288742099,75.0199966430664
2025-02-14,-0.0037393044313782653,74.73999786376953
2025-02-18,0.01461041418427822,75.83999633789062
2025-02-19,0.0026337200008459405,76.04000091552734
2025-02-20,0.0057697829758005525,76.4800033569336
2025-02-21,-0.02717022216411369,74.43000030517578
2025-02-24,0.004691362753050932,74.77999877929688
2025-02-25,-0.02381712297034877,73.0199966430664
2025-02-26,-0.006733077709692559,72.52999877929688
2025-02-27,0.020605247525603332,74.04000091552734
2025-02-28,-0.011683336309335601,73.18000030517578
2025-03-03,-0.021547760841610142,71.62000274658203
2025-03-04,-0.008131291348252745,71.04000091552734
2025-03-05,-0.02479816133863988,69.30000305175781
2025-03-06,0.0023060839025212942,69.45999908447266
2025-03-07,0.01287389440876563,70.36000061035156
2025-03-10,-0.015468681909721838,69.27999877929688
2025-03-11,0.00403340775390415,69.55999755859375
2025-03-12,0.019785706205020404,70.94999694824219
2025-03-13,-0.01519591463166492,69.87999725341797
2025-03-14,0.009967398228501345,70.58000183105469
2025-03-17,0.006918458354695289,71.06999969482422
2025-03-18,-0.007201925446680413,70.55999755859375
2025-03-19,0.0031130805727688227,70.77999877929688
2025-03-20,0.017089661345179863,72.0
2025-03-21,0.002219807488164527,72.16000366210938
2025-03-24,0.011573514644171112,73.0
2025-03-25,0.00027388910630232743,73.0199966430664
2025-03-26,0.010489903222782537,73.79000091552734
2025-03-27,0.0032471664882276485,74.02999877929688
2025-03-28,-0.005417885887564644,73.62999725341797
2025-03-31,0.014962881397041272,74.73999786376953
2025-04-01,-0.003350535965079615,74.48999786376953
2025-04-02,0.00615632432125679,74.94999694824219
2025-04-03,-0.06632794782122975,70.13999938964844
2025-04-04,-0.06722243667269456,65.58000183105469
2025-04-07,-0.021111851789805236,64.20999908447266
2025-04-08,-0.02188545829506694,62.81999969482422
2025-04-09,0.04147131451692054,65.4800033569336
2025-04-10,-0.03338562432823089,63.33000183105469
2025-04-11,0.02232898235506564,64.76000213623047
2025-04-14,0.0018512056775783492,64.87999725341797
2025-04-15,-0.0032419803292125238,64.66999816894531
2025-04-16,0.018082017872567135,65.8499984741211
2025-04-17,0.03153987831491989,67.95999908447266
2025-04-21,-0.02533285422029774,66.26000213623047
2025-04-22,0.017651920782888908,67.44000244140625
2025-04-23,-0.01976703540258473,66.12000274658203
2025-04-24,0.006482276205560744,66.55000305175781
2025-04-25,0.004796886441607029,66.87000274658203
2025-04-28,-0.015219190923716042,65.86000061035156
2025-04-29,-0.0247495624402978,64.25
2025-04-30,-0.017744064159688655,63.119998931884766
2025-05-01,-0.015808678348419924,62.130001068115234
2025-05-02,-0.013612268831950658,61.290000915527344
2025-05-05,-0.017446152979900376,60.22999954223633
2025-05-06,0.031380283052901525,62.150001525878906
2025-05-07,-0.016711715125713233,61.119998931884766
2025-05-08,0.027752688433059447,62.84000015258789
2025-05-09,0.016884025459029672,63.90999984741211
2025-05-12,0.016295840485065938,64.95999908447266
2025-05-13,0.025383203593329462,66.62999725341797
2025-05-14,-0.00813749128162744,66.08999633789062
2025-05-15,-0.023887181040498362,64.52999877929688
2025-05-16,0.013544994929199028,65.41000366210938
2025-05-19,0.001985449279538365,65.54000091552734
2025-05-20,-0.002444297953104524,65.37999725341797
2025-05-21,-0.007214607822912278,64.91000366210938
2025-05-22,-0.007267155268361414,64.44000244140625
2025-05-23,0.005262298704080237,64.77999877929688
2025-05-27,-0.010708606523327724,64.08999633789062
2025-05-28,0.012559358845247282,64.9000015258789
2025-05-29,-0.011623532373521428,64.1500015258789
2025-05-30,-0.003904729585096689,63.900001525878906
2025-06-02,0.01135927151513183,64.62999725341797
2025-06-03,0.015354209858351453,65.62999725341797
2025-06-04,-0.011801756346677017,64.86000061035156
2025-06-05,0.007373239836483414,65.33999633789062
2025-06-06,0.017146386292266058,66.47000122070312
2025-06-09,0.008538733412048138,67.04000091552734
2025-06-10,-0.0025389926909182847,66.87000274658203
2025-06-11,0.04245359269751692,69.7699966430664
2025-06-12,-0.00589372856481063,69.36000061035156
2025-06-13,0.0678580850808137,74.2300033569336
2025-06-16,-0.013563207438924252,73.2300033569336
2025-06-17,0.04303167354278248,76.44999694824219
2025-06-18,0.0032647761282511567,76.69999694824219
2025-06-20,0.004033642705835838,77.01000213623047
2025-06-23,-0.07451757403632531,71.4800033569336
2025-06-24,-0.06263775479332345,67.13999938964844
2025-06-25,0.008010737345906627,67.68000030517578
2025-06-26,0.0007385429832114099,67.7300033569336
2025-06-27,0.0005903068235300069,67.7699966430664
2025-06-30,-0.0023636594836871083,67.61000061035156
2025-07-01,-0.00742283686517986,67.11000061035156
2025-07-02,0.029366373669957646,69.11000061035156
2025-07-03,-0.00449565763865678,68.80000305175781
2025-07-04,-0.007440432916780537,68.29000091552734
2025-07-07,0.01871383966015383,69.58000183105469
2025-07-08,0.008158632260514054,70.1500015258789
2025-07-09,0.0005700572250226799,70.19000244140625
2025-07-10,-0.02233043923751321,68.63999938964844
2025-07-11,0.024749482256414268,70.36000061035156
2025-07-14,-0.016479580918533188,69.20999908447266
2025-07-15,-0.007250611907048565,68.70999908447266
2025-07-16,-0.0027691112545786822,68.5199966430664
2025-07-17,0.01448880820593601,69.5199966430664
2025-07-18,-0.0034581860354974125,69.27999877929688
2025-07-21,-0.00101089900881135,69.20999908447266
2025-07-22,-0.008998649505592482,68.58999633789062
2025-07-23,-0.0011669469238251295,68.51000213623047
2025-07-24,0.009732056724250704,69.18000030517578
2025-07-25,-0.010754323224147377,68.44000244140625
2025-07-28,0.023109035792938215,70.04000091552734
2025-07-29,0.0346579923555419,72.51000213623047
2025-07-30,0.010017177794086507,73.23999786376953
2025-07-31,-0.009741438093771038,72.52999877929688
2025-08-01,-0.04023046978479794,69.66999816894531
2025-08-04,-0.013147571177630546,68.76000213623047
2025-08-05,-0.016422696575722817,67.63999938964844
2025-08-06,-0.011150045001238063,66.88999938964844
2025-08-07,-0.006900703734515901,66.43000030517578
2025-08-08,0.0024055948565493424,66.58999633789062
2025-08-11,0.0006005242253976917,66.62999725341797
2025-08-12,-0.007683570860867128,66.12000274658203
2025-08-13,-0.007438447856034536,65.62999725341797
2025-08-14,0.018268782301861464,66.83999633789062
2025-08-15,-0.014922243920753253,65.8499984741211
2025-08-18,0.01132514961799913,66.5999984741211
2025-08-19,-0.012236689621437868,65.79000091552734
2025-08-20,0.01583378392419199,66.83999633789062
2025-08-21,0.012341274247543055,67.66999816894531
2025-08-22,0.000886339604732278,67.7300033569336
2025-08-25,0.015674526505963904,68.80000305175781
2025-08-26,-0.023232948839461365,67.22000122070312
2025-08-27,0.012271933486510456,68.05000305175781
2025-08-28,0.008341303512981568,68.62000274658203
2025-08-29,-0.007313181342025743,68.12000274658203
2025-09-02,0.014862529551468384,69.13999938964844
2025-09-03,-0.022525465188969918,67.5999984741211
2025-09-04,-0.009064637845365375,66.98999786376953
2025-09-05,-0.022493179990172862,65.5
2025-09-08,0.007907532936616946,66.0199966430664
2025-09-09,0.005588757959817947,66.38999938964844
2025-09-10,0.01643297356512541,67.48999786376953
2025-09-11,-0.01673421856204982,66.37000274658203
2025-09-12,0.00929813409066238,66.98999786376953
2025-09-15,0.00669502726338056,67.44000244140625
2025-09-16,0.015157361066503228,68.47000122070312
2025-09-17,-0.007623615275925921,67.94999694824219
2025-09-18,-0.007533745790577306,67.44000244140625
2025-09-19,-0.011333287435445705,66.68000030517578
2025-09-22,-0.0016510414309864885,66.56999969482422
2025-09-23,0.01579760994663104,67.62999725341797
2025-09-24,0.024537529730489283,69.30999755859375
2025-09-25,0.0015858233517196396,69.41999816894531
2025-09-26,0.010175639327497876,70.12999725341797
2025-09-29,-0.031284174066679604,67.97000122070312
2025-09-30,-0.014075417097357601,67.0199966430664
2025-10-01,-0.025233615499730355,65.3499984741211
2025-10-02,-0.019157049201352194,64.11000061035156
2025-10-03,0.006529845511370702,64.52999877929688
2025-10-06,0.014461828067311444,65.47000122070312
2025-10-07,-0.0003055953696362579,65.44999694824219
2025-10-08,0.012149019137739359,66.25
2025-10-09,-0.01566927578845867,65.22000122070312
2025-10-10,-0.03892639426658473,62.72999954223633
2025-10-13,0.009361435381944005,63.31999969482422
2025-10-14,-0.014796233853379803,62.38999938964844
2025-10-15,-0.00772328127338362,61.90999984741211
2025-10-16,-0.01382470526889179,61.060001373291016
2025-10-17,0.0037597026376934295,61.290000915527344
2025-10-20,-0.004578954782848754,61.0099983215332
2025-10-21,0.005068291374418443,61.31999969482422
2025-10-22,0.02049947434766608,62.59000015258789
2025-10-23,0.05289765964879045,65.98999786376953
2025-10-24,-0.0007579083550490751,65.94000244140625
2025-10-27,-0.004864705279424619,65.62000274658203
2025-10-28,-0.018766912584743167,64.4000015258789
2025-10-29,0.008042057637524636,64.91999816894531
2025-10-30,0.0012315554540327511,65.0
2025-10-31,0.0010763389212948837,65.06999969482422
2025-11-03,-0.0027700895897968536,64.88999938964844
2025-11-04,-0.006958923031858966,64.44000244140625
2025-11-05,-0.014379772049788464,63.52000045776367
2025-11-06,-0.0022064530301530993,63.380001068115234
2025-11-07,0.0039367029157126865,63.630001068115234
2025-11-10,0.006735032038720945,64.05999755859375
2025-11-11,0.017025733865875914,65.16000366210938
2025-11-12,-0.03832492998009762,62.709999084472656
2025-11-13,0.004772507360315537,63.0099983215332
2025-11-14,0.021664914755249676,64.38999938964844
2025-11-17,-0.0029551689103657353,64.19999694824219
2025-11-18,0.010690356066389128,64.88999938964844
2025-11-19,-0.02149617184063768,63.5099983215332
2025-11-20,-0.00204897627116285,63.380001068115234
2025-11-21,-0.013022252926695899,62.560001373291016
2025-11-24,0.012864428291567975,63.369998931884766
2025-11-25,-0.014144048275339216,62.47999954223633
2025-11-26,0.010349611093964484,63.130001068115234
2025-11-28,0.0011082039258072385,63.20000076293945
2025-12-01,-0.00047483730017372494,63.16999816894531
2025-12-02,-0.011463227136073506,62.45000076293945
2025-12-03,0.003516586230788654,62.66999816894531
2025-12-04,0.009370356325492324,63.2599983215332
2025-12-05,0.0077159926938632495,63.75
2025-12-08,-0.01996261323777926,62.4900016784668
2025-12-09,-0.008840418427011443,61.939998626708984
2025-12-10,0.004349591436460187,62.209999084472656
2025-12-11,-0.015062238297959496,61.279998779296875
2025-12-12,-0.0026143781296879,61.119998931884766
2025-12-15,-0.009204495576828897,60.560001373291016
2025-12-16,-0.027454071288263826,58.91999816894531
2025-12-17,0.012816400491574953,59.68000030517578
2025-12-18,0.0023430870911944623,59.81999969482422
2025-12-19,0.01080734637180747,60.470001220703125
2025-12-22,0.02611538103688016,62.06999969482422
2025-12-23,0.004981952793453814,62.380001068115234
2025-12-24,-0.002246821464586546,62.2400016784668
2025-12-26,-0.026043175568837285,60.63999938964844
2025-12-29,0.021211421104792905,61.939998626708984
2025-12-30,-0.0003229526635708524,61.91999816894531
2025-12-31,-0.01743140535270893,60.849998474121094
