USDINR,Date,USDINR_ret
71.27580261230469,2020-01-01,
71.0250015258789,2020-01-02,-0.0035249462943429677
71.41500091552734,2020-01-03,0.005475994910471016
71.73100280761719,2020-01-06,0.004415106215942544
71.78700256347656,2020-01-07,0.0007803865244166985
72.16000366210938,2020-01-08,0.0051824896294503375
71.41190338134766,2020-01-09,-0.010421357029442468
71.19429779052734,2020-01-10,-0.0030518414756937062
70.9530029296875,2020-01-13,-0.0033950006983118897
70.71890258789062,2020-01-14,-0.003304826796950877
70.84510040283203,2020-01-15,0.001782908729687449
70.71800231933594,2020-01-16,-0.001795639050041764
70.94560241699219,2020-01-17,0.0032132500639141526
71.03469848632812,2020-01-20,0.001255048488614463
71.03099822998047,2020-01-21,-5.209218599588894e-05
71.16999816894531,2020-01-22,0.001954979033279791
71.0781021118164,2020-01-23,-0.0012920533874520856
71.32099914550781,2020-01-24,0.0034115000322758604
71.32499694824219,2020-01-27,5.605208481007651e-05
71.44000244140625,2020-01-28,0.0016111164295500302
71.23040008544922,2020-01-29,-0.002938275956950953
71.30000305175781,2020-01-30,0.0009766754363900176
71.63999938964844,2020-01-31,0.004757198450905165
71.49649810791016,2020-02-03,-0.0020050976840284562
71.31410217285156,2020-02-04,-0.002554376690181215
71.0999984741211,2020-02-05,-0.0030067789504277798
71.18000030517578,2020-02-06,0.001124569021257571
71.47000122070312,2020-02-07,0.004065913942397081
71.5155029296875,2020-02-10,0.0006364520766037884
71.27999877929688,2020-02-11,-0.0032984843513395035
71.27529907226562,2020-02-12,-6.593521396602853e-05
71.29620361328125,2020-02-13,0.0002932499240264619
71.26850128173828,2020-02-14,-0.0003886281939422531
71.51480102539062,2020-02-17,0.0034499830718113245
71.34919738769531,2020-02-18,-0.002318340711548572
71.57499694824219,2020-02-19,0.0031597134335052957
71.82749938964844,2020-02-20,0.0035215942373083564
72.11000061035156,2020-02-21,0.003925336808558555
71.88680267333984,2020-02-24,-0.003100042649158752
72.04669952392578,2020-02-25,0.002221816518352071
71.87000274658203,2020-02-26,-0.0024555435657109825
71.66339874267578,2020-02-27,-0.0028788302158417878
71.93000030517578,2020-02-28,0.003713288641459478
72.1500015258789,2020-03-02,0.0030538782466402736
72.82499694824219,2020-03-03,0.009311954571555425
73.34200286865234,2020-03-04,0.00707421069273817
74.0425033569336,2020-03-05,0.009505826372451232
73.8551025390625,2020-03-06,-0.0025341981302400285
73.99530029296875,2020-03-09,0.0018964817577895587
74.40599822998047,2020-03-10,0.005534978327147222
74.20500183105469,2020-03-11,-0.0027050019366186007
74.76000213623047,2020-03-12,0.007451453138467734
75.30000305175781,2020-03-13,0.007197164171966364
73.90399932861328,2020-03-16,-0.018713230730168284
75.15499877929688,2020-03-17,0.01678568673904479
74.01239776611328,2020-03-18,-0.01532001479145606
74.98200225830078,2020-03-19,0.013015498298346806
75.15969848632812,2020-03-20,0.002367048063451449
75.62210083007812,2020-03-23,0.006133416571900696
76.50599670410156,2020-03-24,0.011620546564239831
77.26000213623047,2020-03-25,0.009807258838826272
75.84549713134766,2020-03-26,-0.018478046296054984
74.72560119628906,2020-03-27,-0.014875585003826686
75.46499633789062,2020-03-30,0.009846170495991124
75.4000015258789,2020-03-31,-0.0008616288331033672
75.32499694824219,2020-04-01,-0.000995250749207699
77.56999969482422,2020-04-02,0.029368706066758676
77.13999938964844,2020-04-03,-0.0055588057007573966
76.2300033569336,2020-04-06,-0.01186681483073393
75.96489715576172,2020-04-07,-0.0034837759794159595
76.66000366210938,2020-04-08,0.00910875366553121
75.95899963378906,2020-04-09,-0.009186391510534797
76.6500015258789,2020-04-10,0.009055909012247731
76.16649627685547,2020-04-13,-0.006327940626626116
76.91000366210938,2020-04-14,0.009714270086185195
75.93099975585938,2020-04-15,-0.012810924736331941
77.2125015258789,2020-04-16,0.016736350835942382
77.56999969482422,2020-04-17,0.004619369784493621
76.55999755859375,2020-04-20,-0.01310603531267951
77.20999908447266,2020-04-21,0.008454255207195338
76.96939849853516,2020-04-22,-0.0031210496994509285
76.4000015258789,2020-04-23,-0.0074252046189347
76.42250061035156,2020-04-24,0.00029444727472327514
76.27149963378906,2020-04-27,-0.001977825265496058
76.1863021850586,2020-04-28,-0.0011176529712839667
76.46499633789062,2020-04-29,0.0036513867248082477
75.25849914550781,2020-04-30,-0.01590422920108292
75.72000122070312,2020-05-01,0.006113499756018825
75.60050201416016,2020-05-04,-0.0015794189000155612
75.8499984741211,2020-05-05,0.003294762115098493
76.16999816894531,2020-05-06,0.004209974668160754
76.15129852294922,2020-05-07,-0.00024552897718344013
76.08000183105469,2020-05-08,-0.0009366890638347058
75.5250015258789,2020-05-11,-0.007321694828262615
76.30999755859375,2020-05-12,0.010340211831911361
75.68000030517578,2020-05-13,-0.008290030532201342
75.42620086669922,2020-05-14,-0.003359222522600014
75.48500061035156,2020-05-15,0.0007792628519602829
75.81999969482422,2020-05-18,0.004428136957752571
75.60009765625,2020-05-19,-0.002904531129193977
76.0,2020-05-20,0.005275765352339867
75.77999877929688,2020-05-21,-0.0028989508043899548
75.625,2020-05-22,-0.002047473130935451
75.98500061035156,2020-05-25,0.004749044067089869
76.11000061035156,2020-05-26,0.0016437098805397454
75.81999969482422,2020-05-27,-0.0038175642354500994
76.12999725341797,2020-05-28,0.0040802631774097264
75.95999908447266,2020-05-29,-0.0022354953492653706
75.51319885253906,2020-06-01,-0.005899413676525356
75.7300033569336,2020-06-02,0.0028669672385852607
75.06580352783203,2020-06-03,-0.008809318219156204
75.54499816894531,2020-06-04,0.006363371719637634
75.49089813232422,2020-06-05,-0.0007163865049264473
75.5177001953125,2020-06-08,0.0003549740023620629
75.625,2020-06-09,0.0014198478996991781
75.50980377197266,2020-06-10,-0.0015244172415691537
75.875,2020-06-11,0.004824750270225664
76.38999938964844,2020-06-12,0.006764540183665346
75.95680236816406,2020-06-15,-0.005687000764345029
75.97799682617188,2020-06-16,0.0002789941245548988
76.65499877929688,2020-06-17,0.00887103591424232
76.55000305175781,2020-06-18,-0.0013706568678850672
76.40039825439453,2020-06-19,-0.0019562530571510806
76.2520980834961,2020-06-22,-0.0019429779546475956
75.78980255126953,2020-06-23,-0.006081178345764826
75.60780334472656,2020-06-24,-0.0024042559079529013
75.97000122070312,2020-06-25,0.004779044878977956
75.53980255126953,2020-06-26,-0.005678838132624264
75.61979675292969,2020-06-29,0.00105840726617501
75.69999694824219,2020-06-30,0.0010600094126536064
75.75,2020-07-01,0.0006603242599183545
75.45490264892578,2020-07-02,-0.0039032825069851285
74.72100067138672,2020-07-03,-0.009773975768569976
74.6792984008789,2020-07-06,-0.0005582622237012558
74.60759735107422,2020-07-07,-0.0009605806987522669
75.125,2020-07-08,0.006911049663901103
74.93990325927734,2020-07-09,-0.0024668903996927227
75.33999633789062,2020-07-10,0.005324651200445452
75.15850067138672,2020-07-13,-0.002411927801229119
75.44999694824219,2020-07-14,0.0038709189115424536
75.57499694824219,2020-07-15,0.0016553555185634394
75.1249008178711,2020-07-16,-0.005973427658505948
75.17449951171875,2020-07-17,0.0006599985833517508
74.89730072021484,2020-07-20,-0.0036942197844735958
74.98999786376953,2020-07-21,0.0012368914010529863
74.7699966430664,2020-07-22,-0.002938052711400907
74.81999969482422,2020-07-23,0.0006685347261754515
74.80729675292969,2020-07-24,-0.00016979444562092993
74.75980377197266,2020-07-27,-0.000635072584633356
75.0,2020-07-28,0.0032077557253638034
75.08999633789062,2020-07-29,0.0011992318058799967
74.8311996459961,2020-07-30,-0.0034524397601449763
74.98999786376953,2020-07-31,0.0021198372443809177
74.91780090332031,2020-08-03,-0.0009632182798355871
75.33000183105469,2020-08-04,0.005486961598124118
75.25,2020-08-05,-0.0010625825157291047
74.8822021484375,2020-08-06,-0.004899662858465881
74.8998031616211,2020-08-07,0.00023502173346123811
75.0248031616211,2020-08-10,0.0016675051818353381
75.0999984741211,2020-08-11,0.0010017707663108055
74.9000015258789,2020-08-12,-0.002666627556738632
74.77210235595703,2020-08-13,-0.0017090586386672157
75.02999877929688,2020-08-14,0.0034431650313822004
74.90280151367188,2020-08-17,-0.0016967240776111225
75.0,2020-08-18,0.0012968203258179045
74.79499816894531,2020-08-19,-0.002737100190863373
74.966796875,2020-08-20,0.0022942938332644047
74.9999008178711,2020-08-21,0.00044148392833953665
74.92179870605469,2020-08-24,-0.0010419054630492752
74.4000015258789,2020-08-25,-0.0069889232958306735
74.45249938964844,2020-08-26,0.0007053676038131229
74.24009704589844,2020-08-27,-0.0028569342833728584
73.77449798583984,2020-08-28,-0.006291279527756544
73.12830352783203,2020-08-31,-0.008797635160274098
73.66999816894531,2020-09-01,0.00738015485932042
73.2699966430664,2020-09-02,-0.00544443348396495
73.24849700927734,2020-09-03,-0.00029347331394724563
73.4478988647461,2020-09-04,0.0027185668344342773
73.29029846191406,2020-09-07,-0.0021480496053802867
73.6500015258789,2020-09-08,0.004895917355572266
73.78679656982422,2020-09-09,0.0018556437058538933
73.55000305175781,2020-09-10,-0.003214318792734261
73.52729797363281,2020-09-11,-0.0003087502714160806
73.47859954833984,2020-09-14,-0.0006625370532100661
73.61499786376953,2020-09-15,0.0018545790833064402
73.80000305175781,2020-09-16,0.0025099926597427213
73.55069732666016,2020-09-17,-0.0033838449677539018
73.58360290527344,2020-09-18,0.00044728631067059155
73.53479766845703,2020-09-21,-0.0006634824524525129
73.57980346679688,2020-09-22,0.0006118468105347219
73.50299835205078,2020-09-23,-0.0010443793669612234
73.77839660644531,2020-09-24,0.0037397605508058263
73.68240356445312,2020-09-25,-0.001301946760636774
73.69930267333984,2020-09-28,0.00022932437671041583
73.9749984741211,2020-09-29,0.00373384020024492
73.84500122070312,2020-09-30,-0.0017588592504331757
73.70500183105469,2020-10-01,-0.001897654066626231
73.21700286865234,2020-10-02,-0.006642990721331898
73.32240295410156,2020-10-05,0.0014385223282875614
73.1082992553711,2020-10-06,-0.0029243027326417703
73.81500244140625,2020-10-07,0.009620102844139389
73.5425033569336,2020-10-08,-0.0036984800145321017
73.28050231933594,2020-10-09,-0.0035689409093686564
73.01480102539062,2020-10-12,-0.003632400767715538
73.35079956054688,2020-10-13,0.004591230781435307
73.62000274658203,2020-10-14,0.0036633601078950306
73.29620361328125,2020-10-15,-0.004407950158921814
73.37100219726562,2020-10-16,0.00101997702970813
73.44380187988281,2020-10-19,0.00099172136000103
73.57499694824219,2020-10-20,0.0017847391521312872
73.64749908447266,2020-10-21,0.0009849329286675257
73.6812973022461,2020-10-22,0.00045881347292908714
73.72000122070312,2020-10-23,0.0005251503173218097
73.8228988647461,2020-10-26,0.0013948168385713444
73.94850158691406,2020-10-27,0.0016999602363103605
73.80500030517578,2020-10-28,-0.0019424423112930356
74.44000244140625,2020-10-29,0.00856698044716353
74.26399993896484,2020-10-30,-0.0023671532952525
74.55049896240234,2020-11-02,0.0038504229025564385
74.45680236816406,2020-11-03,-0.0012576109459159213
74.65560150146484,2020-11-04,0.0026664347958735846
74.37999725341797,2020-11-05,-0.0036985064577068627
74.12000274658203,2020-11-06,-0.003501613097530054
73.97979736328125,2020-11-09,-0.0018933911468126396
73.95320129394531,2020-11-10,-0.000359569127427406
74.28160095214844,2020-11-11,0.004430810990282197
74.56999969482422,2020-11-12,0.0038749882741457853
74.86499786376953,2020-11-13,0.0039481855920175946
74.48770141601562,2020-11-16,-0.00505243296143032
74.41809844970703,2020-11-17,-0.000934859104757102
74.47969818115234,2020-11-18,0.0008274096239624384
74.41999816894531,2020-11-19,-0.0008018822988820062
74.09960174560547,2020-11-20,-0.0043145405797746506
74.16239929199219,2020-11-23,0.00084711591240616
74.24490356445312,2020-11-24,0.0011118628176989276
73.96080017089844,2020-11-25,-0.0038339110357306083
73.77989959716797,2020-11-26,-0.002448894101906518
74.04879760742188,2020-11-27,0.003637971678126739
73.94090270996094,2020-11-30,-0.0014581408888121317
74.02519989013672,2020-12-01,0.0011394121736598706
73.65499877929688,2020-12-02,-0.005013561596161509
73.66259765625,2020-12-03,0.00010316319494396708
73.86489868164062,2020-12-04,0.002742555214652498
73.79029846191406,2020-12-07,-0.0010104652937013014
74.0199966430664,2020-12-08,0.003108015796756902
73.72640228271484,2020-12-09,-0.0039743066353210565
73.93499755859375,2020-12-10,0.002825320833491851
73.72669982910156,2020-12-11,-0.0028212850230211473
73.73799896240234,2020-12-14,0.0001532452636521242
73.86000061035156,2020-12-15,0.0016531616429453777
73.75980377197266,2020-12-16,-0.0013574988015339073
73.6166000366211,2020-12-17,-0.0019433746070696145
73.52980041503906,2020-12-18,-0.0011797724087490025
73.60359954833984,2020-12-21,0.0010031595750250588
73.935302734375,2020-12-22,0.004496491973027261
74.2699966430664,2020-12-23,0.004516633063406772
73.83979797363281,2020-12-24,-0.005809202293020732
73.55780029296875,2020-12-25,-0.00382635847586954
73.68900299072266,2020-12-28,0.0017820791969791472
73.5448989868164,2020-12-29,-0.0019574846279954983
73.45359802246094,2020-12-30,-0.0012422028517748984
73.13400268554688,2020-12-31,-0.004360475807809294
73.08920288085938,2021-01-01,-0.0006127591843672064
73.09200286865234,2021-01-04,3.830845119878745e-05
73.31999969482422,2021-01-05,0.003114457919767055
73.37480163574219,2021-01-06,0.0007471559042349085
73.36000061035156,2021-01-07,-0.00020173844533477592
73.44599914550781,2021-01-08,0.0011715944189782945
73.37339782714844,2021-01-11,-0.00098898818240567
73.51349639892578,2021-01-12,0.0019075713323291055
73.16500091552734,2021-01-13,-0.004751836779484542
73.1698989868164,2021-01-14,6.694331009438059e-05
73.08760070800781,2021-01-15,-0.001125388956685569
73.15899658203125,2021-01-18,0.0009763766271255747
73.1886978149414,2021-01-19,0.0004058995727991288
73.19190216064453,2021-01-20,4.3781016120014726e-05
72.91089630126953,2021-01-21,-0.0038466916286017394
72.95490264892578,2021-01-22,0.000603381317732854
72.99590301513672,2021-01-25,0.0005618381769512126
72.97000122070312,2021-01-26,-0.0003549019867490344
72.91999816894531,2021-01-27,-0.0006854898063615167
73.03710174560547,2021-01-28,0.0016046304271002398
72.93879699707031,2021-01-29,-0.0013468629306974123
72.90660095214844,2021-02-01,-0.00044150924057451135
73.11979675292969,2021-02-02,0.002919964549024101
72.91629791259766,2021-02-03,-0.002786968146689439
72.85800170898438,2021-02-04,-0.0007998146020566921
72.9457015991211,2021-02-05,0.0012029859149436106
72.78479766845703,2021-02-08,-0.002208240510499948
72.92990112304688,2021-02-09,0.001991611055798259
72.85489654541016,2021-02-10,-0.0010289767582642995
72.80729675292969,2021-02-11,-0.0006535641554883398
72.70950317382812,2021-02-12,-0.0013440866466742918
72.59480285644531,2021-02-15,-0.0015787603869492628
72.63870239257812,2021-02-16,0.0006045373262120179
72.93499755859375,2021-02-17,0.0040707294692632345
72.79730224609375,2021-02-18,-0.0018897026075910262
72.60540008544922,2021-02-19,-0.0026395970499875077
72.5530014038086,2021-02-22,-0.0007219517903056527
72.44400024414062,2021-02-23,-0.0015034956442159242
72.37699890136719,2021-02-24,-0.0009252987888386244
72.4000015258789,2021-02-25,0.00031776628383539673
73.1509017944336,2021-02-26,0.01031813493966105
73.59590148925781,2021-03-01,0.0060648824900262355
73.30940246582031,2021-03-02,-0.0039004634815480443
73.27749633789062,2021-03-03,-0.00043532032799564746
72.88069915771484,2021-03-04,-0.0054297079090961375
73.13179779052734,2021-03-05,0.0034394162909796577
73.1333999633789,2021-03-08,2.190777951582845e-05
73.33000183105469,2021-03-09,0.0026846568268812376
72.7759017944336,2021-03-10,-0.007584945979345115
72.70600128173828,2021-03-11,-0.0009609513842798734
72.63899993896484,2021-03-12,-0.0009219628739440822
72.68299865722656,2021-03-15,0.0006055341934620984
72.51529693603516,2021-03-16,-0.002309969205588125
72.5156021118164,2021-03-17,4.208424318363768e-06
72.29560089111328,2021-03-18,-0.003038458149637435
72.6688003540039,2021-03-19,0.0051488542589268604
72.40499877929688,2021-03-22,-0.003636795438493934
72.38050079345703,2021-03-23,-0.00033840386151773316
72.61219787597656,2021-03-24,0.003195985478783747
72.64559936523438,2021-03-25,0.00045989255628064996
72.61280059814453,2021-03-26,-0.00045159202711175794
72.44719696044922,2021-03-29,-0.002283244346149793
72.74189758300781,2021-03-30,0.004059547698200383
73.44529724121094,2021-03-31,0.009623347482083489
73.20349884033203,2021-04-01,-0.0032976557116057847
73.28730010986328,2021-04-02,0.0011441166171950456
73.3759994506836,2021-04-05,0.0012095643818241797
73.27950286865234,2021-04-06,-0.0013159628439565196
73.48999786376953,2021-04-07,0.0028683771272488556
74.40149688720703,2021-04-08,0.012326747615896139
74.54450225830078,2021-04-09,0.0019202317062019247
74.72949981689453,2021-04-12,0.0024786319216314467
74.99099731445312,2021-04-13,0.0034931458079512367
75.18150329589844,2021-04-14,0.0025371633669912796
75.0261001586914,2021-04-15,-0.0020691787776323523
74.72740173339844,2021-04-16,-0.0039892064978381825
74.56320190429688,2021-04-19,-0.0021997351649991614
74.8781967163086,2021-04-20,0.004215636114431653
75.44920349121094,2021-04-21,0.007596878816507946
75.42949676513672,2021-04-22,-0.0002612260862902005
75.0916976928711,2021-04-23,-0.004488399664679399
74.86810302734375,2021-04-26,-0.002982063595045936
74.81490325927734,2021-04-27,-0.0007108324669085064
74.57499694824219,2021-04-28,-0.0032118170898662868
74.31179809570312,2021-04-29,-0.0035355603783520095
74.10579681396484,2021-04-30,-0.002775970250036508
74.09480285644531,2021-05-03,-0.00014836589816979995
73.8375015258789,2021-05-04,-0.003478639653538451
73.77890014648438,2021-05-05,-0.0007939684453637241
73.79940032958984,2021-05-06,0.0002778211047447243
73.61519622802734,2021-05-07,-0.0024991310458650773
73.29029846191406,2021-05-10,-0.004423228641192267
73.5,2021-05-11,0.0028571599477480447
73.3750991821289,2021-05-12,-0.0017007763558876121
73.68160247802734,2021-05-13,0.004168511006533038
73.44490051269531,2021-05-14,-0.0032176686693796697
73.27890014648438,2021-05-17,-0.0022627608648786435
73.26969909667969,2021-05-18,-0.00012556994559265178
73.1281967163086,2021-05-19,-0.0019331210144919453
73.222900390625,2021-05-20,0.001294198532257873
73.02189636230469,2021-05-21,-0.00274887256646128
72.90979766845703,2021-05-24,-0.0015363176127127787
72.83660125732422,2021-05-25,-0.0010044353455898047
72.80490112304688,2021-05-26,-0.00043531732727064565
72.67250061035156,2021-05-27,-0.0018202215282041578
72.68299865722656,2021-05-28,0.0001444465045512544
72.39350128173828,2021-05-31,-0.0039909669707371975
72.48719787597656,2021-06-01,0.0012934311864256642
72.8550033569336,2021-06-02,0.005061245295379102
72.96510314941406,2021-06-03,0.0015100772594438538
73.04419708251953,2021-06-04,0.001083409628241938
72.90969848632812,2021-06-07,-0.0018430290433677499
72.80940246582031,2021-06-08,-0.001376566773886978
72.97530364990234,2021-06-09,0.0022759761310666704
72.98529815673828,2021-06-10,0.00013694800826868914
73.01229858398438,2021-06-11,0.0003698749589950978
73.23159790039062,2021-06-14,0.0029990924209908343
73.18080139160156,2021-06-15,-0.0006938826366180706
73.3447036743164,2021-06-16,0.002237185273675557
73.8240966796875,2021-06-17,0.0065148958179248595
74.25389862060547,2021-06-18,0.005805091391737349
74.1438980102539,2021-06-21,-0.0014825102932247702
74.13520050048828,2021-06-22,-0.0001173126875322339
74.33219909667969,2021-06-23,0.0026537638880839154
74.24690246582031,2021-06-24,-0.0011481647059756739
74.19029998779297,2021-06-25,-0.0007626454801785698
74.21299743652344,2021-06-28,0.000305888741037208
74.285400390625,2021-06-29,0.0009751345590016669
74.28759765625,2021-06-30,2.957826326532853e-05
74.37100219726562,2021-07-01,0.0011220951878874175
74.54499816894531,2021-07-02,0.0023368348657157867
74.48179626464844,2021-07-05,-0.0008481952299410622
74.31780242919922,2021-07-06,-0.002204225055541187
74.76290130615234,2021-07-07,0.005971265071029741
74.8218994140625,2021-07-08,0.0007888249432479455
74.72139739990234,2021-07-09,-0.0013441194815468904
74.4905014038086,2021-07-12,-0.003094876243025624
74.54170227050781,2021-07-13,0.0006871114759263719
74.65910339355469,2021-07-14,0.001573733422609358
74.46910095214844,2021-07-15,-0.002548177188216094
74.53700256347656,2021-07-16,0.0009113937540305983
74.63179779052734,2021-07-19,0.0012709794486074344
74.99340057373047,2021-07-20,0.004833457080032133
74.5270004272461,2021-07-21,-0.006238635745685173
74.44020080566406,2021-07-22,-0.001165352247833873
74.4520034790039,2021-07-23,0.00015853984325442383
74.44889831542969,2021-07-26,-4.170778735712588e-05
74.28949737548828,2021-07-27,-0.0021433739449134848
74.5022964477539,2021-07-28,0.002860362280544315
74.38999938964844,2021-07-29,-0.001508433714008106
74.25199890136719,2021-07-30,-0.0018568174475230848
74.37909698486328,2021-08-02,0.0017102493084353299
74.33200073242188,2021-08-03,-0.0006333925946195862
74.21440124511719,2021-08-04,-0.0015833370624553922
74.18399810791016,2021-08-05,-0.00040975020977285226
74.08200073242188,2021-08-06,-0.0013758702922626043
74.49140167236328,2021-08-09,0.0055111072307489906
74.46620178222656,2021-08-10,-0.0003383498363653814
74.43550109863281,2021-08-11,-0.0004123617585936046
74.10299682617188,2021-08-12,-0.004477018853572545
74.26010131835938,2021-08-13,0.002117838638761249
74.216796875,2021-08-16,-0.0005833155880026197
74.13500213623047,2021-08-17,-0.0011027132478753643
74.364501953125,2021-08-18,0.0030909194076818025
74.2697982788086,2021-08-19,-0.0012743180676908494
74.4292984008789,2021-08-20,0.002145274407213016
74.30149841308594,2021-08-23,-0.0017185414451370562
74.10590362548828,2021-08-24,-0.002635918399774617
74.1447982788086,2021-08-25,0.0005247146045599393
74.0999984741211,2021-08-26,-0.000604403082368421
74.15599822998047,2021-08-27,0.0007554467915973362
73.49659729003906,2021-08-30,-0.008931848727971925
73.41120147705078,2021-08-31,-0.0011625771173928712
72.99669647216797,2021-09-01,-0.005662346337627078
72.98509979248047,2021-09-02,-0.00015887843564943438
73.0542984008789,2021-09-03,0.0009476704839013195
72.99449920654297,2021-09-06,-0.0008188933925827868
73.11000061035156,2021-09-07,0.001581079679467301
73.3904037475586,2021-09-08,0.0038280232856600094
73.78900146484375,2021-09-09,0.0054165009191393665
73.53800201416016,2021-09-10,-0.003407382049504193
73.52429962158203,2021-09-13,-0.00018634813225926194
73.54080200195312,2021-09-14,0.00022442279314649483
73.65080261230469,2021-09-15,0.0014946590346420763
73.43800354003906,2021-09-16,-0.0028934794740536063
73.56490325927734,2021-09-17,0.0017264930812999069
73.69609832763672,2021-09-20,0.0017818037587096214
73.65899658203125,2021-09-21,-0.0005035692374564249
73.7927017211914,2021-09-22,0.0018135454164927012
73.8749008178711,2021-09-23,0.0011132991090301303
73.83999633789062,2021-09-24,-0.0004725925590740587
73.81289672851562,2021-09-27,-0.0003670718414854335
73.82530212402344,2021-09-28,0.0001680512988295746
74.16329956054688,2021-09-29,0.004567892667231455
74.3219985961914,2021-09-30,0.0021375731879471616
74.25440216064453,2021-10-01,-0.000909921627748389
74.152099609375,2021-10-04,-0.0013786803981465923
74.57279968261719,2021-10-05,0.005657441320775725
74.56320190429688,2021-10-06,-0.00012871175613504704
74.76000213623047,2021-10-07,0.0026358977112064252
74.83000183105469,2021-10-08,0.0009358873999207873
75.30580139160156,2021-10-11,0.006338276989508174
75.40260314941406,2021-10-12,0.001284623394688822
75.48390197753906,2021-10-13,0.0010776157340774972
75.3062973022461,2021-10-14,-0.0023556538590723264
74.99500274658203,2021-10-15,-0.004142279550138461
75.00589752197266,2021-10-18,0.00014526280029336647
75.2354965209961,2021-10-19,0.003056403719110534
75.12010192871094,2021-10-20,-0.0015349560127004835
74.80919647216797,2021-10-21,-0.004147366865675295
74.86540222167969,2021-10-22,0.0007510392898213425
74.99369812011719,2021-10-25,0.0017122207391961908
75.08989715576172,2021-10-26,0.0012819395569767522
74.88890075683594,2021-10-27,-0.002680332447734024
75.05000305175781,2021-10-28,0.0021489066923194855
74.79720306396484,2021-10-29,-0.003374106654122855
74.92829895019531,2021-11-01,0.001751150177727645
74.82990264892578,2021-11-02,-0.0013140691378215053
74.71199798583984,2021-11-03,-0.001576878279823113
74.43550109863281,2021-11-04,-0.0037077015123365697
74.47810363769531,2021-11-05,0.0005721779457319442
74.19110107421875,2021-11-08,-0.0038609599151593343
73.91850280761719,2021-11-09,-0.0036810384643102267
74.17479705810547,2021-11-10,0.003461257282999064
74.40489959716797,2021-11-11,0.003097364286008819
74.32209777832031,2021-11-12,-0.0011134740681093547
74.33999633789062,2021-11-15,0.00024079520422759515
74.43509674072266,2021-11-16,0.001278445387826288
74.45860290527344,2021-11-17,0.0003157442497832008
74.25980377197266,2021-11-18,-0.0026734989454739733
74.17440032958984,2021-11-19,-0.0011507246907651592
74.30259704589844,2021-11-22,0.0017268230154252606
74.42980194091797,2021-11-23,0.001710520732558507
74.4469985961914,2021-11-24,0.0002310186044818252
74.625,2021-11-25,0.0023881277514528065
74.50579833984375,2021-11-26,-0.0015986192908377106
74.98159790039062,2021-11-29,0.0063657696802419395
75.05490112304688,2021-11-30,0.00097713861581461
75.0509033203125,2021-12-01,-5.326646428027715e-05
75.01789855957031,2021-12-02,-0.00043986172823196057
74.9834976196289,2021-12-03,-0.00045867493797757675
75.23400115966797,2021-12-06,0.0033352142631075665
75.39129638671875,2021-12-07,0.0020885639635732645
75.40859985351562,2021-12-08,0.00022948910847020443
75.38330078125,2021-12-09,-0.00033554948769154436
75.59919738769531,2021-12-10,0.002859891129300074
75.70999908447266,2021-12-13,0.0014645734584055603
75.82689666748047,2021-12-14,0.0015428269876522904
76.04720306396484,2021-12-15,0.0029011734245267817
76.2114028930664,2021-12-16,0.002156855328138363
76.1675033569336,2021-12-17,-0.0005761891645992279
76.00599670410156,2021-12-20,-0.002122665423468284
75.75869750976562,2021-12-21,-0.0032589847658162086
75.6864013671875,2021-12-22,-0.0009547505809832657
75.45850372314453,2021-12-23,-0.0030156202303279755
75.06739807128906,2021-12-24,-0.0051965346469922125
75.31500244140625,2021-12-27,0.0032929996199237976
74.98030090332031,2021-12-28,-0.004453926156566368
74.74500274658203,2021-12-29,-0.00314306726664082
74.57029724121094,2021-12-30,-0.0023400895301364244
74.43119812011719,2021-12-31,-0.0018670841009313932
74.51380157470703,2022-01-03,0.0011091807476297788
74.4032974243164,2022-01-04,-0.0014841031878285449
74.53489685058594,2022-01-05,0.0017671687394589242
74.43009948730469,2022-01-06,-0.0014070067887921311
74.41929626464844,2022-01-07,-0.00014515641962287162
74.2699966430664,2022-01-10,-0.0020082101251324147
74.05699920654297,2022-01-11,-0.002872000227745808
73.81529998779297,2022-01-12,-0.0032690292273960253
73.79910278320312,2022-01-13,-0.00021945290365721348
73.97229766845703,2022-01-14,0.0023440931605183124
74.37899780273438,2022-01-17,0.005482947106875358
74.25509643554688,2022-01-18,-0.0016672002008926157
74.61969757080078,2022-01-19,0.004898100670805761
74.44920349121094,2022-01-20,-0.0022874543612640963
74.45220184326172,2022-01-21,4.0272985260436656e-05
74.41320037841797,2022-01-24,-0.0005239829423624442
74.6447982788086,2022-01-25,0.003107489552328424
74.77999877929688,2022-01-26,0.0018096131304199403
74.8949966430664,2022-01-27,0.001536634573773732
75.20929718017578,2022-01-28,0.004187768230187849
75.03900146484375,2022-01-31,-0.002266858124743365
74.55580139160156,2022-02-01,-0.006460140920412805
74.74549865722656,2022-02-02,0.0025411348413131307
74.82240295410156,2022-02-03,0.0010283530466601576
74.6438980102539,2022-02-04,-0.002388565550412558
74.64219665527344,2022-02-07,-2.2793214389693617e-05
74.6583023071289,2022-02-08,0.00021574813252289715
74.69519805908203,2022-02-09,0.000494072822038838
74.80889892578125,2022-02-10,0.001521040438536403
75.53839874267578,2022-02-11,0.009704272083694399
75.34100341796875,2022-02-14,-0.0026165988796877926
75.6854019165039,2022-02-15,0.0045607798815057166
75.17479705810547,2022-02-16,-0.006769271307557112
75.04199981689453,2022-02-17,-0.0017680749232873438
75.06300354003906,2022-02-18,0.00027985373987426954
74.68240356445312,2022-02-21,-0.005083305090997747
74.51699829101562,2022-02-22,-0.002217238663742016
74.62300109863281,2022-02-23,0.0014215210661285838
74.63300323486328,2022-02-24,0.000134026584593272
75.4083023071289,2022-02-25,0.010334567135712902
75.06800079345703,2022-02-28,-0.004522999127483551
75.28479766845703,2022-03-01,0.002883844231275745
75.80120086669922,2022-03-02,0.006835910861279437
75.63099670410156,2022-03-03,-0.0022479266232755535
75.8917007446289,2022-03-04,0.003441125351832497
76.41799926757812,2022-03-07,0.0069109271125027405
77.08080291748047,2022-03-08,0.008635999236651593
76.91449737548828,2022-03-09,-0.0021598789875811875
76.13490295410156,2022-03-10,-0.010187575545197447
76.310302734375,2022-03-11,0.0023011528224960998
76.75370025634766,2022-03-14,0.0057936386553905095
76.49009704589844,2022-03-15,-0.0034403150415904804
76.26589965820312,2022-03-16,-0.0029353682148469673
76.02420043945312,2022-03-17,-0.003174197423631675
75.98159790039062,2022-03-18,-0.0005605383563427324
75.94640350341797,2022-03-21,-0.00046330363431312804
76.30709838867188,2022-03-22,0.004738092136557626
76.10189819335938,2022-03-23,-0.0026927586153799865
76.55239868164062,2022-03-24,0.005902248483349304
76.32350158691406,2022-03-25,-0.002994550028802223
76.27850341796875,2022-03-28,-0.0005897454656391687
76.03410339355469,2022-03-29,-0.0032091924533999006
75.66670227050781,2022-03-30,-0.004843769151677613
75.82779693603516,2022-03-31,0.0021267402722964235
75.9092025756836,2022-04-01,0.0010729834874885213
75.99479675292969,2022-04-04,0.0011269510570262042
75.47799682617188,2022-04-05,-0.006823693151076782
75.45069885253906,2022-04-06,-0.0003617333842012016
75.94509887695312,2022-04-07,0.006531248413819135
75.91320037841797,2022-04-08,-0.0004201087350610422
75.91729736328125,2022-04-11,5.3967877668981146e-05
75.83699798583984,2022-04-12,-0.001058281543214079
76.1498031616211,2022-04-13,0.004116220817617311
76.12169647216797,2022-04-14,-0.00036916546878362766
76.30879974365234,2022-04-15,0.0024549334955565882
76.3313980102539,2022-04-18,0.00029609849959832957
76.28019714355469,2022-04-19,-0.0006709957859838411
76.44539642333984,2022-04-20,0.002163348530599407
76.27619934082031,2022-04-21,-0.0022157593482043936
76.28520202636719,2022-04-22,0.00011802048849407498
76.4635009765625,2022-04-25,0.0023345406889712095
76.52780151367188,2022-04-26,0.0008405777302211703
76.79409790039062,2022-04-27,0.003473693653804233
76.47219848632812,2022-04-28,-0.004200530644544287
76.58899688720703,2022-04-29,0.001526166358027936
76.52310180664062,2022-05-02,-0.0008607430137379524
76.52410125732422,2022-05-03,1.3060685377652703e-05
76.46730041503906,2022-05-04,-0.0007425364337345641
76.00160217285156,2022-05-05,-0.006108782610696473
76.54180145263672,2022-05-06,0.0070825945287555925
76.9574966430664,2022-05-09,0.005416261987106985
77.3655014038086,2022-05-10,0.0052876851349896725
77.27140045166016,2022-05-11,-0.0012170570237088896
77.41840362548828,2022-05-12,0.0019006193583015474
77.44380187988281,2022-05-13,0.00032801101520352205
77.48629760742188,2022-05-16,0.0005485793754136381
77.8053970336914,2022-05-17,0.00410968372939724
77.37239837646484,2022-05-18,-0.005580692519338903
77.81999969482422,2022-05-19,0.0057683567628705745
77.42109680175781,2022-05-20,-0.005139151681047949
77.81839752197266,2022-05-23,0.0051185632802388525
77.52680206298828,2022-05-24,-0.0037541655903936544
77.47879791259766,2022-05-25,-0.0006193860342191826
77.49729919433594,2022-05-26,0.00023876303728886938
77.63020324707031,2022-05-27,0.001713481918552695
77.69200134277344,2022-05-30,0.000795740687910218
77.5208969116211,2022-05-31,-0.002204771670247574
77.5989990234375,2022-06-01,0.0010069903405414138
77.58409881591797,2022-06-02,-0.0001920338976697522
77.3604965209961,2022-06-03,-0.0028862245844507584
77.69419860839844,2022-06-06,0.004304321160180535
77.82099914550781,2022-06-07,0.0016307160591395586
77.67060089111328,2022-06-08,-0.0019344877956282147
77.72429656982422,2022-06-09,0.0006910867953244804
77.8187026977539,2022-06-10,0.001213891206505835
78.17759704589844,2022-06-13,0.004601326851336296
78.16059875488281,2022-06-14,-0.00021745538248651997
77.9854965209961,2022-06-15,-0.0022428009740069754
77.90019989013672,2022-06-16,-0.00109434850452228
77.97769927978516,2022-06-17,0.0009943602838733412
77.9614028930664,2022-06-20,-0.0002090096268476671
77.93399810791016,2022-06-21,-0.0003515791391226486
78.13490295410156,2022-06-22,0.0025745674608765867
78.19309997558594,2022-06-23,0.0007445502159839634
78.14240264892578,2022-06-24,-0.0006485708951089464
78.2522964477539,2022-06-27,0.0014053394079125425
78.44110107421875,2022-06-28,0.0024098618170675934
79.07319641113281,2022-06-29,0.008025921964659233
78.89830017089844,2022-06-30,-0.002214276821812966
78.96299743652344,2022-07-01,0.0008196723354974011
78.95069885253906,2022-07-04,-0.0001557633605981934
78.93949890136719,2022-07-05,-0.0001418701268347533
79.36840057373047,2022-07-06,0.005418589005398822
79.04389953613281,2022-07-07,-0.004096922919019086
79.22160339355469,2022-07-08,0.0022456432868960263
79.3313980102539,2022-07-11,0.0013849581310596548
79.47779846191406,2022-07-12,0.0018437281515719661
79.47640228271484,2022-07-13,-1.7567062622347862e-05
79.80750274658203,2022-07-14,0.004157368450921517
79.87830352783203,2022-07-15,0.0008867511464067945
79.72049713134766,2022-07-18,-0.0019775392704692862
80.0302963256836,2022-07-19,0.003878535761756119
79.85590362548828,2022-07-20,-0.002181461181847588
80.00340270996094,2022-07-21,0.001845361771062315
79.7759017944336,2022-07-22,-0.0028476913198902665
79.87680053710938,2022-07-25,0.001263978055311199
79.72250366210938,2022-07-26,-0.0019335538315248257
79.84120178222656,2022-07-27,0.0014877837247695425
79.84739685058594,2022-07-28,7.758936349322454e-05
79.57150268554688,2022-07-29,-0.003461251348267247
79.1948013305664,2022-08-01,-0.004745365387324618
78.95570373535156,2022-08-02,-0.0030236739020175207
78.60449981689453,2022-08-03,-0.0044580356231263
79.11830139160156,2022-08-04,0.006515270947367036
79.15489959716797,2022-08-05,0.00046246876906597123
79.41059875488281,2022-08-08,0.003225157830842207
79.60189819335938,2022-08-09,0.002406094293701422
79.57839965820312,2022-08-10,-0.00029524426884552923
79.0978012084961,2022-08-11,-0.006057618177150559
79.61399841308594,2022-08-12,0.006504860079496133
79.62760162353516,2022-08-15,0.00017084995979921302
79.55290222167969,2022-08-16,-0.0009385497034424262
79.14600372314453,2022-08-17,-0.005127941969799821
79.35970306396484,2022-08-18,0.0026964261997992622
79.7667007446289,2022-08-19,0.005115412130604291
79.91790008544922,2022-08-22,0.0018937253212927274
79.88379669189453,2022-08-23,-0.00042682142630745545
79.85449981689453,2022-08-24,-0.0003668109147128007
79.79679870605469,2022-08-25,-0.0007228392613907175
79.88289642333984,2022-08-26,0.0010783803859224506
79.95909881591797,2022-08-29,0.0009534715609254008
79.96790313720703,2022-08-30,0.00011010424994495338
79.68229675292969,2022-08-31,-0.0035779058110074757
79.54879760742188,2022-09-01,-0.0016767978305178843
79.716796875,2022-09-02,0.002109675105085529
79.72450256347656,2022-09-05,9.665862621144328e-05
79.78299713134766,2022-09-06,0.0007334397518006242
79.89510345458984,2022-09-07,0.0014041542484575231
79.6498031616211,2022-09-08,-0.0030750024110517415
79.706298828125,2022-09-09,0.0007090493324746205
79.65579986572266,2022-09-12,-0.0006337637933544471
79.35530090332031,2022-09-13,-0.003779601784751563
79.60240173339844,2022-09-14,0.003109016109551277
79.45369720458984,2022-09-15,-0.0018698380398829428
79.8490982055664,2022-09-16,0.00496415410591311
79.68949890136719,2022-09-19,-0.002000761700725384
79.7074966430664,2022-09-20,0.0002258228483444924
79.76270294189453,2022-09-21,0.0006923713794453334
80.05069732666016,2022-09-22,0.003604137025190468
81.06220245361328,2022-09-23,0.012556640946409736
81.25479888916016,2022-09-26,0.002373091226901991
81.61579895019531,2022-09-27,0.004432975098019654
81.72460174560547,2022-09-28,0.0013322216798625774
81.42870330810547,2022-09-29,-0.0036272481495700504
81.48059844970703,2022-09-30,0.0006371047300186561
81.52130126953125,2022-10-03,0.0004994152919728378
81.49500274658203,2022-10-04,-0.0003226489931309473
81.46549987792969,2022-10-05,-0.00036208613129584677
81.6488037109375,2022-10-06,0.0022475516387929773
82.3489990234375,2022-10-07,0.008539133518707054
82.8322982788086,2022-10-10,0.005851759762176556
82.42070007324219,2022-10-11,-0.0049814413149906756
82.2739028930664,2022-10-12,-0.001782659739992809
82.19999694824219,2022-10-13,-0.000898695171327013
82.19210052490234,2022-10-14,-9.606816224572157e-05
82.41280364990234,2022-10-17,0.0026816121714432484
82.1947021484375,2022-10-18,-0.0026499597091644844
82.2863998413086,2022-10-19,0.0011149937745047467
82.99700164794922,2022-10-20,0.00859863940991712
82.82569885253906,2022-10-21,-0.002066096569777187
82.54129791259766,2022-10-24,-0.0034396370001612553
82.7614974975586,2022-10-25,0.0026641983235888844
82.44529724121094,2022-10-26,-0.0038279375004792726
82.04959869384766,2022-10-27,-0.004811083144766748
82.44249725341797,2022-10-28,0.004777120803263202
82.23919677734375,2022-10-31,-0.0024690124855437645
82.72899627685547,2022-11-01,0.005938125764628488
82.68450164794922,2022-11-02,-0.0005379806429059997
82.88839721679688,2022-11-03,0.002462911180678873
82.68180084228516,2022-11-04,-0.002495575703300723
81.9749984741211,2022-11-07,-0.008585211329048548
81.82599639892578,2022-11-08,-0.0018193066093274979
81.40519714355469,2022-11-09,-0.005155879564649801
81.34380340576172,2022-11-10,-0.0007544592040247267
80.48290252685547,2022-11-11,-0.010639887843133522
80.49700164794922,2022-11-14,0.00017516622589752728
80.99199676513672,2022-11-15,0.006130407300664942
81.07140350341797,2022-11-16,0.0009799466690711967
81.49530029296875,2022-11-17,0.005215062375916624
81.52490234375,2022-11-18,0.00036317033874144755
81.5198974609375,2022-11-21,-6.139273156957614e-05
81.72769927978516,2022-11-22,0.0025458498040142885
81.71499633789062,2022-11-23,-0.00015544214897023068
81.63289642333984,2022-11-24,-0.001005215556517669
81.65540313720703,2022-11-25,0.00027566842290926985
81.6697006225586,2022-11-28,0.00017508007108535395
81.65029907226562,2022-11-29,-0.00023758940020268682
81.63089752197266,2022-11-30,-0.00023764586233987472
81.3052978515625,2022-12-01,-0.003996657747792121
81.16220092773438,2022-12-02,-0.001761545686445487
81.42250061035156,2022-12-05,0.00320202211595344
81.89900207519531,2022-12-06,0.005835151024701446
82.37220001220703,2022-12-07,0.005761195387125717
82.25350189208984,2022-12-08,-0.0014420365631035992
82.2791976928711,2022-12-09,0.0003123488650587092
82.41300201416016,2022-12-12,0.0016249021018293064
82.64469909667969,2022-12-13,0.002807469547247088
82.40249633789062,2022-12-14,-0.002934953629615933
82.50800323486328,2022-12-15,0.0012795657237285596
82.85790252685547,2022-12-16,0.004231825327678074
82.72599792480469,2022-12-19,-0.0015932059770564777
82.58190155029297,2022-12-20,-0.0017433699353235355
82.63690185546875,2022-12-21,0.0006657875020730231
82.87860107421875,2022-12-22,0.0029205649775834175
82.8749008178711,2022-12-23,-4.464770042300614e-05
82.6041030883789,2022-12-26,-0.0032728982508816173
82.90290069580078,2022-12-27,0.0036106983416086535
82.7761001586914,2022-12-28,-0.001530677529595792
82.85199737548828,2022-12-29,0.0009164776174959144
82.83509826660156,2022-12-30,-0.00020398823311840175
82.74980163574219,2023-01-02,-0.0010302465799023608
82.70600128173828,2023-01-03,-0.0005294508171340695
82.78569793701172,2023-01-04,0.000963149956289655
82.66649627685547,2023-01-05,-0.0014409199146259155
82.64520263671875,2023-01-06,-0.0002576180681028717
82.27339935302734,2023-01-09,-0.004508938459560241
82.18009948730469,2023-01-10,-0.0011346657430895135
81.63739776611328,2023-01-11,-0.006625711119690791
81.63179779052734,2023-01-12,-6.859806675763025e-05
81.1156005859375,2023-01-13,-0.006343559906356155
81.27799987792969,2023-01-16,0.002000070762212758
81.65260314941406,2023-01-17,0.004598324987366453
81.52549743652344,2023-01-18,-0.001557877412976083
81.43599700927734,2023-01-19,-0.0010984243431160223
81.23979949951172,2023-01-20,-0.002412130250539768
80.97599792480469,2023-01-23,-0.0032524798626338836
81.48799896240234,2023-01-24,0.006302968564680711
81.60189819335938,2023-01-25,0.0013967664639089605
81.50270080566406,2023-01-26,-0.0012163654554768755
81.44509887695312,2023-01-27,-0.0007069985752794494
81.50800323486328,2023-01-30,0.0007720547841012504
81.57990264892578,2023-01-31,0.0008817259419817702
81.76840209960938,2023-02-01,0.002307946013223372
81.71029663085938,2023-02-02,-0.000710862903217091
82.0458984375,2023-02-03,0.004098804034232906
82.22599792480469,2023-02-06,0.00219270080216738
82.75499725341797,2023-02-07,0.0064128736884283555
82.74189758300781,2023-02-08,-0.00015830714468023643
82.65950012207031,2023-02-09,-0.0009963333913365346
82.533203125,2023-02-10,-0.0015290871714768173
82.51300048828125,2023-02-13,-0.0002448118936078103
82.59739685058594,2023-02-14,0.0010223023021591615
82.86759948730469,2023-02-15,0.0032659823271190547
82.73770141601562,2023-02-16,-0.0015687673911495281
82.69529724121094,2023-02-17,-0.0005126447090670894
82.75800323486328,2023-02-20,0.0007579902785170844
82.69750213623047,2023-02-21,-0.0007313277511524774
82.86119842529297,2023-02-22,0.0019775021409573768
82.83529663085938,2023-02-23,-0.00031264143077702755
82.6178970336914,2023-02-24,-0.0026279302014868833
82.91799926757812,2023-02-27,0.0036258306430250187
82.6520004272461,2023-02-28,-0.0032131312396534994
82.6353988647461,2023-03-01,-0.0002008811636811103
82.4198989868164,2023-03-02,-0.0026112460876497323
82.35569763183594,2023-03-03,-0.0007792580885368494
81.7125015258789,2023-03-06,-0.007840634618107245
81.85440063476562,2023-03-07,0.0017350593868368236
82.07460021972656,2023-03-08,0.002686525462273437
81.9645004272461,2023-03-09,-0.0013423605540259231
82.01840209960938,2023-03-10,0.000657406027993801
81.95800018310547,2023-03-13,-0.0007367147759671511
82.41739654541016,2023-03-14,0.005589614596274828
82.30490112304688,2023-03-15,-0.0013658799257312282
82.7156982421875,2023-03-16,0.004978747735591149
82.622802734375,2023-03-17,-0.0011237009775557638
82.53299713134766,2023-03-20,-0.0010875259839684404
82.52909851074219,2023-03-21,-4.723822984331605e-05
82.677001953125,2023-03-22,0.0017905329341045828
82.52580261230469,2023-03-23,-0.0018304699298017368
82.26529693603516,2023-03-24,-0.0031616500403890413
82.33879852294922,2023-03-27,0.0008930712397452467
82.21489715576172,2023-03-28,-0.001505908330910799
82.16429901123047,2023-03-29,-0.0006156271269013303
82.25540161132812,2023-03-30,0.0011081714548302202
82.10050201416016,2023-03-31,-0.0018849294684732953
82.18479919433594,2023-04-03,0.0010262292116678395
82.14089965820312,2023-04-04,-0.0005342991082191162
82.11479949951172,2023-04-05,-0.0003177991271527958
81.94999694824219,2023-04-06,-0.002008994132404851
81.831298828125,2023-04-07,-0.0014494712639345764
81.88480377197266,2023-04-10,0.000653630826812801
81.98390197753906,2023-04-11,0.0012094831309443776
82.07009887695312,2023-04-12,0.001050835784523585
81.96060180664062,2023-04-13,-0.0013350803980047843
81.68070220947266,2023-04-14,-0.0034208951317244995
81.84480285644531,2023-04-17,0.0020070349514247354
82.00370025634766,2023-04-18,0.001939565472943272
82.10790252685547,2023-04-19,0.0012698953973266924
82.34010314941406,2023-04-20,0.0028240023455454732
82.14089965820312,2023-04-21,-0.00242220785629943
82.05480194091797,2023-04-24,-0.0010487208171419127
81.85230255126953,2023-04-25,-0.002470905618199737
81.9916000366211,2023-04-26,0.0017003686644834204
81.76689910888672,2023-04-27,-0.002744298096631681
81.76509857177734,2023-04-28,-2.2020609238282418e-05
81.74479675292969,2023-05-01,-0.00024832526388252063
81.77469635009766,2023-05-02,0.00036570071168640084
81.77870178222656,2023-05-03,4.8980115062491336e-05
81.77999877929688,2023-05-04,1.5859713556665156e-05
81.71610260009766,2023-05-05,-0.0007816233159463337
81.72979736328125,2023-05-08,0.00016757548789758658
81.78710174560547,2023-05-09,0.0007008986224965597
82.1050033569336,2023-05-10,0.0038794060253879437
81.9198989868164,2023-05-11,-0.002257028610312517
82.10030364990234,2023-05-12,0.0021997867693732687
82.20030212402344,2023-05-15,0.0012172625413953142
82.2667007446289,2023-05-16,0.0008074400707105411
82.2959976196289,2023-05-17,0.0003560573033958292
82.45030212402344,2023-05-18,0.0018732384248520972
82.72509765625,2023-05-19,0.003327320970499592
82.90480041503906,2023-05-22,0.002169932257329421
82.82499694824219,2023-05-23,-0.0009630552167987361
82.8906021118164,2023-05-24,0.0007917802231496296
82.71369934082031,2023-05-25,-0.0021364522144970977
82.74210357666016,2023-05-26,0.00034334529968749194
82.57479858398438,2023-05-29,-0.0020240525633727913
82.57969665527344,2023-05-30,5.931502237821462e-05
82.68389892578125,2023-05-31,0.001261043413102847
82.66680145263672,2023-06-01,-0.00020680254956673139
82.27670288085938,2023-06-02,-0.004730095928128897
82.40979766845703,2023-06-05,0.0016163415474883536
82.51119995117188,2023-06-06,0.0012297075200446983
82.51719665527344,2023-06-07,7.26748150929879e-05
82.61810302734375,2023-06-08,0.0012221055682610782
82.48829650878906,2023-06-09,-0.0015723987157887365
82.4448013305664,2023-06-12,-0.0005274281487555044
82.33719635009766,2023-06-13,-0.0013060285380515069
82.29039764404297,2023-06-14,-0.0005685402571931064
82.04499816894531,2023-06-15,-0.002986570924530696
81.9126968383789,2023-06-16,-0.001613847514451372
81.91480255126953,2023-06-19,2.5706464404251506e-05
81.98139953613281,2023-06-20,0.0008126727487320906
81.9917984008789,2023-06-21,0.00012683615238184842
81.94149780273438,2023-06-22,-0.0006136715467572884
81.91929626464844,2023-06-23,-0.0002709804788647574
81.98480224609375,2023-06-26,0.0007993208898158244
82.00650024414062,2023-06-27,0.0002646237677730312
81.99839782714844,2023-06-28,-9.880701240128076e-05
82.02649688720703,2023-06-29,0.00034261945886271405
82.07540130615234,2023-06-30,0.0005960250421406244
82.09629821777344,2023-07-03,0.00025457386132377025
81.95010375976562,2023-07-04,-0.0017823554183191703
82.0071029663086,2023-07-05,0.0006952937291062611
82.39409637451172,2023-07-06,0.004707923355169008
82.76840209960938,2023-07-07,0.004532582994039913
82.61530303955078,2023-07-10,-0.0018514412125787416
82.52529907226562,2023-07-11,-0.0010900284369297353
82.39990234375,2023-07-12,-0.0015206499868138934
82.00180053710938,2023-07-13,-0.004843046973247667
82.03079986572266,2023-07-14,0.00035358006693986255
82.07679748535156,2023-07-17,0.0005605788101945564
82.06159973144531,2023-07-18,-0.00018518219024166171
82.07540130615234,2023-07-19,0.00016817140135749753
82.06169891357422,2023-07-20,-0.00016696277187300268
82.0823974609375,2023-07-21,0.0002521997187860947
81.99030303955078,2023-07-24,-0.0011226051717025953
81.81420135498047,2023-07-25,-0.0021501454195806957
81.95010375976562,2023-07-26,0.001659732087374799
81.97550201416016,2023-07-27,0.00030987537886861816
82.3749008178711,2023-07-28,0.0048603420870980685
82.25279998779297,2023-07-31,-0.0014833573192030158
82.2332992553711,2023-08-01,-0.00023711100941703478
82.30729675292969,2023-08-02,0.0008994437159275392
82.7332992553711,2023-08-03,0.00516240802373602
82.7843017578125,2023-08-04,0.0006162789182955208
82.69529724121094,2023-08-07,-0.0010757159882270884
82.74829864501953,2023-08-08,0.0006407187336314735
82.84500122070312,2023-08-09,0.0011679528912678094
82.86630249023438,2023-08-10,0.0002570889151378708
82.79989624023438,2023-08-11,-0.0008016874180194478
82.89730072021484,2023-08-14,0.0011756926850550187
83.2333984375,2023-08-15,0.004046189867720429
83.19419860839844,2023-08-16,-0.00047107367434584546
83.23699951171875,2023-08-17,0.0005143375130067795
83.09829711914062,2023-08-18,-0.0016677449409252532
83.16729736328125,2023-08-21,0.0008300003174630532
83.1135025024414,2023-08-22,-0.0006470363717285821
83.07330322265625,2023-08-23,-0.00048378426185902157
82.5447006225586,2023-08-24,-0.0063834170534899926
82.64140319824219,2023-08-25,0.0011708319827619107
82.66429901123047,2023-08-28,0.00027701177671080046
82.69149780273438,2023-08-29,0.00032897294528844157
82.49469757080078,2023-08-30,-0.0023827696327911596
82.70040130615234,2023-08-31,0.002490435165075411
82.68240356445312,2023-09-01,-0.0002176494924528427
82.6969985961914,2023-09-04,0.00017650362240395623
82.7345962524414,2023-09-05,0.0004545402216757921
83.08609771728516,2023-09-06,0.004239543122287692
83.25740051269531,2023-09-07,0.0020596279119944327
83.24150085449219,2023-09-08,-0.00019098814611862025
83.03130340576172,2023-09-11,-0.002528345650271824
82.94329833984375,2023-09-12,-0.0010604643510490064
82.84300231933594,2023-09-13,-0.001209943551968351
82.93679809570312,2023-09-14,0.0011315707479537807
83.0282974243164,2023-09-15,0.0011026335097383821
83.08580017089844,2023-09-18,0.0006923283419206783
83.25489807128906,2023-09-19,0.002033151963742874
83.19499969482422,2023-09-20,-0.000719716621689237
83.08699798583984,2023-09-21,-0.0012990188436283745
82.89129638671875,2023-09-22,-0.002358160029912071
82.97480010986328,2023-09-25,0.0010068812368899671
83.0282974243164,2023-09-26,0.0006445339526761629
83.29869842529297,2023-09-27,0.003251441388882448
83.22270202636719,2023-09-28,-0.0009127524029448608
83.19300079345703,2023-09-29,-0.00035695229142707063
83.03479766845703,2023-10-02,-0.0019034502559689415
83.3593978881836,2023-10-03,0.0039015859947042486
83.22979736328125,2023-10-04,-0.001555929853107152
83.44979858398438,2023-10-05,0.002639811396365488
83.22489929199219,2023-10-06,-0.0026986631006291617
83.12460327148438,2023-10-09,-0.0012058471004161575
83.27030181884766,2023-10-10,0.0017512385312556944
83.25029754638672,2023-10-11,-0.00024026183707537285
83.21800231933594,2023-10-12,-0.0003880045327786519
83.26239776611328,2023-10-13,0.0005333414360721989
83.28230285644531,2023-10-16,0.0002390360107815681
83.19950103759766,2023-10-17,-0.000994725234090943
83.26429748535156,2023-10-18,0.0007785050155222351
83.26860046386719,2023-10-19,5.1677218970702654e-05
83.12229919433594,2023-10-20,-0.0017585253464433848
83.15979766845703,2023-10-23,0.00045102239464434035
83.02940368652344,2023-10-24,-0.0015692236033144624
82.98780059814453,2023-10-25,-0.0005011900956777282
83.1709976196289,2023-10-26,0.0022050845056744706
83.28250122070312,2023-10-27,0.0013397569715225544
83.41339874267578,2023-10-30,0.0015704951220252283
83.29650115966797,2023-10-31,-0.001402407442332887
83.2771987915039,2023-11-01,-0.00023175769351446718
85.19400024414062,2023-11-02,0.022756223973980028
83.24729919433594,2023-11-03,-0.023115325461760428
83.15850067138672,2023-11-06,-0.0010672528415422988
83.2228012084961,2023-11-07,0.0007729298855592148
83.23269653320312,2023-11-08,0.00011889453761426694
83.21769714355469,2023-11-09,-0.0001802265450709939
83.31939697265625,2023-11-10,0.0012213476196798467
83.29889678955078,2023-11-13,-0.0002460736182801071
83.19760131835938,2023-11-14,-0.0012167881587963336
82.98159790039062,2023-11-15,-0.002599645932018113
83.18620300292969,2023-11-16,0.00246263361289234
83.12030029296875,2023-11-17,-0.0007925452355079798
83.29149627685547,2023-11-20,0.0020574989010295752
83.32219696044922,2023-11-21,0.0003685253396010779
83.345703125,2023-11-22,0.0002820718890035323
83.54830169677734,2023-11-23,0.00242787236740849
83.34400177001953,2023-11-24,-0.0024482858054382106
83.31449890136719,2023-11-27,-0.0003540517746376537
83.364501953125,2023-11-28,0.0005999922365926835
83.41809844970703,2023-11-29,0.0006427109098616768
83.3302993774414,2023-11-30,-0.0010530725515032202
83.35269927978516,2023-12-01,0.0002687724922045831
83.21859741210938,2023-12-04,-0.001610144116199308
83.41709899902344,2023-12-05,0.0023824628825943606
83.31590270996094,2023-12-06,-0.0012138724841657123
83.28959655761719,2023-12-07,-0.000315789726965221
83.35489654541016,2023-12-08,0.0007837041587066551
83.43009948730469,2023-12-11,0.0009017951108294397
83.34349822998047,2023-12-12,-0.0010385488625717088
83.39600372314453,2023-12-13,0.0006297907128720581
83.2853012084961,2023-12-14,-0.0013283137058586192
83.29660034179688,2023-12-15,0.00013565859451691864
83.04170227050781,2023-12-18,-0.0030648175051641857
83.11119842529297,2023-12-19,0.0008365325979484695
83.09159851074219,2023-12-20,-0.00023585541282056255
83.26719665527344,2023-12-21,0.002111078161764368
83.13159942626953,2023-12-22,-0.0016297865394641065
83.16500091552734,2023-12-25,0.0004017098321709156
83.17230224609375,2023-12-26,8.778945470844235e-05
83.18280029296875,2023-12-27,0.0001262125023959726
83.26719665527344,2023-12-28,0.001014074750188776
82.302001953125,2023-12-29,-0.011659241502834483
83.24859619140625,2024-01-01,0.011435833697165165
83.20259857177734,2024-01-02,-0.0005526859793967276
83.25700378417969,2024-01-03,0.0006536746882668254
83.31809997558594,2024-01-04,0.0007335573296005649
83.2406005859375,2024-01-05,-0.0009305955795779752
83.19110107421875,2024-01-08,-0.0005948327474207815
83.05069732666016,2024-01-09,-0.001689151372192832
83.131103515625,2024-01-10,0.0009676895403929464
83.02559661865234,2024-01-11,-0.0012699687832959938
83.07610321044922,2024-01-12,0.0006081405958573427
82.87210083007812,2024-01-15,-0.002458628393290141
82.8593978881836,2024-01-16,-0.0001532954449539048
83.08899688720703,2024-01-17,0.002767114991814701
83.17759704589844,2024-01-18,0.0010657602947397038
83.16059875488281,2024-01-19,-0.00020438229467334423
83.12470245361328,2024-01-22,-0.0004317435343503817
83.09510040283203,2024-01-23,-0.00035617959575784397
83.22139739990234,2024-01-24,0.0015187551808200084
83.09760284423828,2024-01-25,-0.0014886402436715684
83.14610290527344,2024-01-26,0.0005834814881264805
83.12129974365234,2024-01-29,-0.0002983526705770956
83.1530990600586,2024-01-30,0.0003824920375326002
83.10970306396484,2024-01-31,-0.0005220169096737948
83.05359649658203,2024-02-01,-0.0006753184326919737
82.92759704589844,2024-02-02,-0.0015182379665716894
82.99929809570312,2024-02-05,0.0008642487308216928
83.10369873046875,2024-02-06,0.0012570591802472109
83.07060241699219,2024-02-07,-0.00039833251815313275
83.01260375976562,2024-02-08,-0.0006984289491915874
82.98529815673828,2024-02-09,-0.00032898733006092584
83.0145034790039,2024-02-12,0.00035187177670259473
82.99019622802734,2024-02-13,-0.00029285015656999036
83.07460021972656,2024-02-14,0.0010165188621868992
83.04309844970703,2024-02-15,-0.00037927048892960613
83.00959777832031,2024-02-16,-0.00040349446413401324
83.01599884033203,2024-02-19,7.710933910498596e-05
83.02100372314453,2024-02-20,6.028635468879884e-05
82.8291015625,2024-02-21,-0.002314164901566329
82.93840026855469,2024-02-22,0.0013186990294995482
82.87229919433594,2024-02-23,-0.0007973077483489632
82.88179779052734,2024-02-26,0.00011461069589913109
82.85199737548828,2024-02-27,-0.00035961784777072126
82.94819641113281,2024-02-28,0.001160421399305278
82.91190338134766,2024-02-29,-0.00043763425211729157
82.910400390625,2024-03-01,-1.8127726952421597e-05
82.84609985351562,2024-03-04,-0.0007758433634883488
82.9104995727539,2024-03-05,0.0007770396195567741
82.88480377197266,2024-03-06,-0.000309970191779918
82.81909942626953,2024-03-07,-0.0007930332101828697
82.7522964477539,2024-03-08,-0.0008069386839180126
82.7520980834961,2024-03-11,-2.3970875018264337e-06
82.7782974243164,2024-03-12,0.00031655021373833137
82.83509826660156,2024-03-13,0.0006859450502219033
82.83110046386719,2024-03-14,-4.8263348417343366e-05
82.9655990600586,2024-03-15,0.0016224523899639465
82.88890075683594,2024-03-18,-0.0009248866780797727
82.86360168457031,2024-03-19,-0.00030526323391111276
83.04239654541016,2024-03-20,0.0021553763211157317
83.05460357666016,2024-03-21,0.00014698677595692544
83.22660064697266,2024-03-22,0.002068750132731445
83.59359741210938,2024-03-25,0.004399915135837595
83.41739654541016,2024-03-26,-0.0021100518941796764
83.34549713134766,2024-03-27,-0.0008622951656969136
83.36499786376953,2024-03-28,0.00023394726902292717
83.39299774169922,2024-03-29,0.00033581452081143937
83.36479949951172,2024-04-01,-0.0003381939905997555
83.40969848632812,2024-04-02,0.0005384394909704326
83.35030364990234,2024-04-03,-0.0007123391481949071
83.37329864501953,2024-04-04,0.00027584571046368467
83.47779846191406,2024-04-05,0.0012526118481703818
83.29679870605469,2024-04-08,-0.0021705922844077463
83.26959991455078,2024-04-09,-0.0003265819753668353
83.22429656982422,2024-04-10,-0.0005442042837753291
83.4126968383789,2024-04-11,0.0022612067701945904
83.34929656982422,2024-04-12,-0.0007603683586836496
83.61109924316406,2024-04-15,0.003136107657601528
83.50599670410156,2024-04-16,-0.0012578312508839673
83.6675033569336,2024-04-17,0.0019322046020526784
83.5958023071289,2024-04-18,-0.000857343502950414
83.54499816894531,2024-04-19,-0.0006079202636763981
83.38529968261719,2024-04-22,-0.0019133558988864152
83.38619995117188,2024-04-23,1.0796431724635625e-05
83.2833023071289,2024-04-24,-0.0012347508778987049
83.3405990600586,2024-04-25,0.0006877375300655686
83.30180358886719,2024-04-26,-0.00046561344862539045
83.40229797363281,2024-04-29,0.0012056619602889285
83.45110321044922,2024-04-30,0.0005850074120390403
83.49839782714844,2024-05-01,0.0005665739360756206
83.40640258789062,2024-05-02,-0.0011023679168626899
83.40630340576172,2024-05-03,-1.1891435773847547e-06
83.37999725341797,2024-05-06,-0.00031544740135025506
83.4728012084961,2024-05-07,0.0011124052518578509
83.46990203857422,2024-05-08,-3.473251439878311e-05
83.46430206298828,2024-05-09,-6.70920093117644e-05
83.45939636230469,2024-05-10,-5.877776171114846e-05
83.5248031616211,2024-05-13,0.0007833891212207789
83.50550079345703,2024-05-14,-0.00023112414685133587
83.52420043945312,2024-05-15,0.00022390803475236254
83.40509796142578,2024-05-16,-0.001426981355325374
83.47010040283203,2024-05-17,0.0007790545908692437
83.30039978027344,2024-05-20,-0.0020351402789389184
83.31500244140625,2024-05-21,0.00017528584963333316
83.31680297851562,2024-05-22,2.1610965624141443e-05
83.26709747314453,2024-05-23,-0.0005967624327611887
83.2863998413086,2024-05-24,0.00023178580530203163
83.05220031738281,2024-05-27,-0.002815939035913928
83.14569854736328,2024-05-28,0.0011251434643009262
83.20649719238281,2024-05-29,0.000730962972339988
83.3656005859375,2024-05-30,0.0019103252472891796
83.3208999633789,2024-05-31,-0.0005363436568988078
83.45079803466797,2024-06-03,0.0015577954667040927
83.09339904785156,2024-06-04,-0.004291948224062203
83.62940216064453,2024-06-05,0.006429893878882709
83.38079833984375,2024-06-06,-0.002977111621618178
83.47309875488281,2024-06-07,0.0011063622254097183
83.52760314941406,2024-06-10,0.0006527445195736448
83.52980041503906,2024-06-11,2.6305516287017383e-05
83.5968017578125,2024-06-12,0.0008018034889936132
83.5343017578125,2024-06-13,-0.0007479158768024519
83.52210235595703,2024-06-14,-0.0001460512925781643
83.55180358886719,2024-06-17,0.0003555460447888237
83.51010131835938,2024-06-18,-0.000499243336141042
83.37409973144531,2024-06-19,-0.0016298920588821986
83.41950225830078,2024-06-20,0.000544415702224299
83.60160064697266,2024-06-21,0.0021805443462818985
83.5625,2024-06-24,-0.00046781154009067905
83.46040344238281,2024-06-25,-0.0012225457494654535
83.41459655761719,2024-06-26,-0.0005489963855120905
83.58039855957031,2024-06-27,0.001985712881003465
83.45089721679688,2024-06-28,-0.0015506240087477252
83.36750030517578,2024-07-01,-0.0009998527717280936
83.44129943847656,2024-07-02,0.0008848350714014686
83.4791030883789,2024-07-03,0.00045295422220892334
83.49120330810547,2024-07-04,0.00014493858230135714
83.49340057373047,2024-07-05,2.6316984608421023e-05
83.47209930419922,2024-07-08,-0.0002551577381240122
83.45760345458984,2024-07-09,-0.00017367609725837951
83.49299621582031,2024-07-10,0.0004239908311864937
83.49590301513672,2024-07-11,3.481428202789516e-05
83.51850128173828,2024-07-12,0.000270614583629758
83.52030181884766,2024-07-15,2.1558309518887597e-05
83.58760070800781,2024-07-16,0.0008054543415472182
83.52960205078125,2024-07-17,-0.0006941075915314343
83.57209777832031,2024-07-18,0.0005086211390867845
83.67430114746094,2024-07-19,0.001222189326876233
83.73030090332031,2024-07-22,0.0006690348683626723
83.67130279541016,2024-07-23,-0.0007048691177296007
83.70680236816406,2024-07-24,0.0004241841936432067
83.74299621582031,2024-07-25,0.00043229491496532546
83.73760223388672,2024-07-26,-6.441321544592427e-05
83.72779846191406,2024-07-29,-0.00011708414924083144
83.75050354003906,2024-07-30,0.00027114053573207286
83.73899841308594,2024-07-31,-0.00013738326088574837
83.7177963256836,2024-08-01,-0.00025322457113485797
83.743896484375,2024-08-02,0.0003117149774949368
83.73529815673828,2024-08-05,-0.00010267935265328987
84.00260162353516,2024-08-06,0.003187159174152576
83.93489837646484,2024-08-07,-0.0008062910396802181
83.94239807128906,2024-08-08,8.934733865562094e-05
83.98899841308594,2024-08-09,0.0005549926216135148
83.94979858398438,2024-08-12,-0.0004668347101972614
83.88999938964844,2024-08-13,-0.0007125747002580951
83.88200378417969,2024-08-14,-9.531513391447533e-05
83.97149658203125,2024-08-15,0.0010663204060215037
83.94830322265625,2024-08-16,-0.0002762432964962258
83.88980102539062,2024-08-19,-0.0006971265541517724
83.87860107421875,2024-08-20,-0.00013351681303941376
83.77940368652344,2024-08-21,-0.0011833303087689373
83.88860321044922,2024-08-22,0.0013025685864169745
83.94059753417969,2024-08-23,0.0006196099982984649
83.81379699707031,2024-08-26,-0.0015117405611029255
83.88369750976562,2024-08-27,0.0008336501025150156
83.92160034179688,2024-08-28,0.000451747747670872
83.94149780273438,2024-08-29,0.00023706772066756088
83.89510345458984,2024-08-30,-0.0005528513921122524
83.86380004882812,2024-09-02,-0.0003731951684384782
83.92729949951172,2024-09-03,0.0007568870325780352
83.95030212402344,2024-09-04,0.0002740404250856088
83.98249816894531,2024-09-05,0.000383439628949489
83.98359680175781,2024-09-06,1.3081602125097902e-05
83.98259735107422,2024-09-09,-1.1900617128191016e-05
83.98090362548828,2024-09-10,-2.0167781406676966e-05
83.98200225830078,2024-09-11,1.3081850504192971e-05
83.99259948730469,2024-09-12,0.00012617656369240393
83.93479919433594,2024-09-13,-0.0006883962439134805
83.88480377197266,2024-09-16,-0.0005958234075000846
83.88400268554688,2024-09-17,-9.549885258586244e-06
83.77059936523438,2024-09-18,-0.0013528210525741713
83.69170379638672,2024-09-19,-0.0009422487711603367
83.61470031738281,2024-09-20,-0.0009205085107062416
83.48709869384766,2024-09-23,-0.001527232490519559
83.55960083007812,2024-09-24,0.0008680463725374565
83.56759643554688,2024-09-25,9.568287634387218e-05
83.62409973144531,2024-09-26,0.000675910339388075
83.61710357666016,2024-09-27,-8.366544428994871e-05
83.71640014648438,2024-09-30,0.0011868105223395986
83.82730102539062,2024-10-01,0.0013238443979366465
83.87210083007812,2024-10-02,0.0005342870070803585
83.91960144042969,2024-10-03,0.0005661854665959254
84.0093994140625,2024-10-04,0.0010694755728311023
84.02780151367188,2024-10-07,0.0002190241158661621
83.96410369873047,2024-10-08,-0.0007583438965532707
83.91459655761719,2024-10-09,-0.0005897965909049674
83.94219970703125,2024-10-10,0.0003288892708201985
83.94599914550781,2024-10-11,4.526153122430543e-05
84.16829681396484,2024-10-14,0.0026446031463223107
84.04850006103516,2024-10-15,-0.0014243140448222391
84.05619812011719,2024-10-16,9.158648355089838e-05
84.03929901123047,2024-10-17,-0.0002010655756041757
84.05380249023438,2024-10-18,0.00017256483353911278
84.0687026977539,2024-10-21,0.00017725417001024368
84.07350158691406,2024-10-22,5.7081316161777806e-05
84.08399963378906,2024-10-23,0.0001248596918062006
84.06759643554688,2024-10-24,-0.00019510012010215405
84.08180236816406,2024-10-25,0.00016896798623200482
84.10199737548828,2024-10-28,0.0002401540154526316
84.10279846191406,2024-10-29,9.52513181129433e-06
84.08930206298828,2024-10-30,-0.00016048790534917146
84.08910369873047,2024-10-31,-2.3589741724450164e-06
84.09149932861328,2024-11-01,2.8488777418900213e-05
84.13359832763672,2024-11-04,0.0005005079561710701
84.15249633789062,2024-11-05,0.0002245938426570504
84.11630249023438,2024-11-06,-0.00043019084306195055
84.2511978149414,2024-11-07,0.0016023918312777496
84.306396484375,2024-11-08,0.0006549532417832182
84.38289642333984,2024-11-11,0.0009069922920481588
84.39649963378906,2024-11-12,0.00016119515529045003
84.39530181884766,2024-11-13,-1.4192809497437509e-05
84.4229965209961,2024-11-14,0.00032810071738875735
84.47380065917969,2024-11-15,0.0006015998001629441
84.47750091552734,2024-11-18,4.3802637964773794e-05
84.39849853515625,2024-11-19,-0.0009356259787214327
84.39759826660156,2024-11-20,-1.0666935690295531e-05
84.38310241699219,2024-11-21,-0.00017177141209057112
84.48829650878906,2024-11-22,0.0012458486880824182
84.43599700927734,2024-11-25,-0.0006192063923258218
84.37750244140625,2024-11-26,-0.0006930082061264997
84.33910369873047,2024-11-27,-0.0004551862939550233
84.42030334472656,2024-11-28,0.0009623126044928654
84.47160339355469,2024-11-29,0.0006074897417702729
84.55699920654297,2024-12-02,0.0010104304116609342
84.73709869384766,2024-12-03,0.0021276530898530766
84.68309783935547,2024-12-04,-0.000637478381278811
84.70700073242188,2024-12-05,0.00028222302751590433
84.68379974365234,2024-12-06,-0.00027393446219470263
84.66600036621094,2024-12-09,-0.00021020842652763605
84.84729766845703,2024-12-10,0.002139034205276502
84.8740005493164,2024-12-11,0.0003146674148748474
84.85710144042969,2024-12-12,-0.00019912801772203892
84.83920288085938,2024-12-13,-0.00021094813712441152
84.802001953125,2024-12-16,-0.0004385836373543839
84.91729736328125,2024-12-17,0.0013586601919337582
84.91539764404297,2024-12-18,-2.2371655095554388e-05
85.16549682617188,2024-12-19,0.002940945991262822
85.27940368652344,2024-12-20,0.0013365829891816006
84.94499969482422,2024-12-23,-0.003928983333022273
85.0988998413086,2024-12-24,0.0018101230203013685
85.18150329589844,2024-12-25,0.0009702051386719646
85.41339874267578,2024-12-26,0.002718669630072945
85.26090240478516,2024-12-27,-0.0017869869974118657
85.38600158691406,2024-12-30,0.0014661760818714953
85.7865982055664,2024-12-31,0.004680624708649717
85.78569793701172,2025-01-02,-1.0494334748756273e-05
85.80400085449219,2025-01-03,0.00021333352385166648
85.75900268554688,2025-01-06,-0.0005245672907179255
85.68070220947266,2025-01-07,-0.0009134462937456789
85.80650329589844,2025-01-08,0.0014671777829926569
85.90750122070312,2025-01-09,0.0011763506038517946
85.91999816894531,2025-01-10,0.00014545923450715037
86.18800354003906,2025-01-13,0.0031143884660460586
86.65059661865234,2025-01-14,0.00535290360795404
86.535400390625,2025-01-15,-0.001330318235950756
86.43099975585938,2025-01-16,-0.001207178357826244
86.6061019897461,2025-01-17,0.0020238699318149145
86.56900024414062,2025-01-20,-0.00042848822601548875
86.21109771728516,2025-01-21,-0.00414287343253239
86.45189666748047,2025-01-22,0.002789238159204288
86.47270202636719,2025-01-23,0.00024062925858192585
86.44020080566406,2025-01-24,-0.0003759259205482479
86.2030029296875,2025-01-27,-0.0027478408659469267
86.46839904785156,2025-01-28,0.003074004428214927
86.58460235595703,2025-01-29,0.0013429796031054764
86.6406021118164,2025-01-30,0.0006465543854572431
86.64700317382812,2025-01-31,7.38778980071686e-05
86.55400085449219,2025-02-03,-0.001073923662233689
86.94339752197266,2025-02-04,0.004488797238037634
87.13009643554688,2025-02-05,0.002145059318538145
87.33409881591797,2025-02-06,0.002338617079032268
87.58830261230469,2025-02-07,0.002906477080835579
87.51309967041016,2025-02-10,-0.0008589645261318779
87.49009704589844,2025-02-11,-0.00026288233673188444
86.81120300292969,2025-02-12,-0.007789930148385693
86.8740005493164,2025-02-13,0.0007231191585557184
86.75409698486328,2025-02-14,-0.001381154147473751
86.43460083007812,2025-02-17,-0.0036895769903839692
86.85479736328125,2025-02-18,0.0048496602924474885
86.88719940185547,2025-02-19,0.0003729902908116145
86.872802734375,2025-02-20,-0.00016570749696587228
86.45120239257812,2025-02-21,-0.004864890734491034
86.52940368652344,2025-02-24,0.0009041626231445221
86.69010162353516,2025-02-25,0.0018554259559362407
87.0811996459961,2025-02-26,0.004501303494463649
87.16220092773438,2025-02-27,0.0009297486998836035
87.3270034790039,2025-02-28,0.00188897188034165
87.46399688720703,2025-03-03,0.0015675113245707806
87.32959747314453,2025-03-04,-0.0015378073898020261
87.21700286865234,2025-03-05,-0.0012901382196970346
86.88929748535156,2025-03-06,-0.003764433218395702
87.12879943847656,2025-03-07,0.002752611464917898
87.07379913330078,2025-03-10,-0.0006314521993839861
87.3551025390625,2025-03-11,0.003225424765504137
87.20010375976562,2025-03-12,-0.0017759289261114475
87.3405990600586,2025-03-13,0.00160988615683344
86.9220962524414,2025-03-14,-0.004803134846981472
86.93900299072266,2025-03-17,0.00019448557967471913
86.91639709472656,2025-03-18,-0.0002600540001909124
86.57610321044922,2025-03-19,-0.003922870672504963
86.33709716796875,2025-03-20,-0.0027644644153212994
86.33609771728516,2025-03-21,-1.1576211169206374e-05
85.98699951171875,2025-03-24,-0.004051676052119646
85.53209686279297,2025-03-25,-0.0053044089569551645
85.59040069580078,2025-03-26,0.0006814280541211915
86.09539794921875,2025-03-27,0.00588282448285149
85.69490051269531,2025-03-28,-0.004662640040606014
85.53880310058594,2025-03-31,-0.0018232094740193716
85.46810150146484,2025-04-01,-0.0008268859472559953
85.61009979248047,2025-04-02,0.0016600399413926326
85.65119934082031,2025-04-03,0.0004799630662244425
85.28289794921875,2025-04-04,-0.004309286062700757
85.529296875,2025-04-07,0.002885029338111522
86.0270004272461,2025-04-08,0.005802234676034246
86.435302734375,2025-04-09,0.004734983384666158
86.20929718017578,2025-04-10,-0.0026181610477520323
86.2603988647461,2025-04-11,0.000592587419559365
86.19300079345703,2025-04-14,-0.000781638110400884
86.0447998046875,2025-04-15,-0.0017208885021648967
85.72669982910156,2025-04-16,-0.0037037615658164214
85.62049865722656,2025-04-17,-0.0012396022393410533
85.15889739990234,2025-04-22,-0.005405832226792917
85.2323989868164,2025-04-23,0.0008627388021773541
85.4999008178711,2025-04-24,0.003133584567793335
85.2573013305664,2025-04-25,-0.0028414573145836286
85.38490295410156,2025-04-28,0.0014955461675318915
85.1603012084961,2025-04-29,-0.0026339277795299765
85.1707992553711,2025-04-30,0.00012326635429094068
84.53119659423828,2025-05-01,-0.007537986651395379
84.69670104980469,2025-05-02,0.001955995561461421
84.52629852294922,2025-05-05,-0.0020139411886228586
84.2208023071289,2025-05-06,-0.003620762052443993
84.79319763183594,2025-05-07,0.006773373960774265
84.81719970703125,2025-05-08,0.0002830259905302057
86.08219909667969,2025-05-09,0.014804294248851768
85.4083023071289,2025-05-12,-0.00785933043361009
84.9656982421875,2025-05-13,-0.0051956878302439335
85.060302734375,2025-05-14,0.0011128239375999271
85.48760223388672,2025-05-15,0.005010913428558084
85.44490051269531,2025-05-16,-0.0004996325613166874
85.50029754638672,2025-05-19,0.0006481262563635681
85.37210083007812,2025-05-20,-0.001500496763426895
85.53610229492188,2025-05-21,0.0019191766361483786
85.60030364990234,2025-05-22,0.0007502945692685614
85.97489929199219,2025-05-23,0.00436655450043677
85.19930267333984,2025-05-26,-0.009062135737221588
85.158203125,2025-05-27,-0.00048250940214966676
85.3604965209961,2025-05-28,0.0023726839498436902
85.38590240478516,2025-05-29,0.00029758617618202976
85.36129760742188,2025-05-30,-0.00028820147600505663
85.52429962158203,2025-06-02,0.0019077331997516822
85.36370086669922,2025-06-03,-0.00187957962764429
85.70880126953125,2025-06-04,0.0040345568883495275
85.9041976928711,2025-06-05,0.0022771760759088266
85.87750244140625,2025-06-06,-0.0003108043715815967
85.7853012084961,2025-06-09,-0.0010742133976142654
85.75599670410156,2025-06-10,-0.00034166122136358723
85.65280151367188,2025-06-11,-0.0012040829172192957
85.46980285644531,2025-06-12,-0.002138802499651149
85.68840026855469,2025-06-13,0.002554333090364125
86.24919891357422,2025-06-16,0.0065233042260421925
86.10420227050781,2025-06-17,-0.0016825508087121577
86.36270141601562,2025-06-18,0.0029976689272608326
86.61360168457031,2025-06-19,0.002900980539131126
86.58380126953125,2025-06-20,-0.00034412081041423903
86.5802993774414,2025-06-23,-4.0445936279276395e-05
86.23300170898438,2025-06-24,-0.004019344967394645
85.90480041503906,2025-06-25,-0.0038132436639566336
86.006103515625,2025-06-26,0.001178553657684489
85.66639709472656,2025-06-27,-0.00395761537910122
85.4552993774414,2025-06-30,-0.002467224539259405
85.71399688720703,2025-07-01,0.003022711577169268
85.6427993774414,2025-07-02,-0.000830985585802857
85.69409942626953,2025-07-03,0.0005988208111533666
85.31909942626953,2025-07-04,-0.004385633431473579
85.49629974365234,2025-07-07,0.002074758854400116
85.89199829101562,2025-07-08,0.004617576053806083
85.7073974609375,2025-07-09,-0.0021515332321593306
85.70850372314453,2025-07-10,1.2907346394364083e-05
85.73480224609375,2025-07-11,0.0003067897344468662
85.82129669189453,2025-07-14,0.001008351829693055
85.96839904785156,2025-07-15,0.0017125869078151723
85.99310302734375,2025-07-16,0.00028731988688246446
85.88520050048828,2025-07-17,-0.0012555690720246204
86.04650115966797,2025-07-18,0.0018763346717980411
86.14859771728516,2025-07-21,0.0011858243381706046
86.19529724121094,2025-07-22,0.0005419341959278512
86.3427963256836,2025-07-23,0.001709757159767733
86.39869689941406,2025-07-24,0.0006472165388649032
86.4302978515625,2025-07-25,0.0003656904045081788
86.506103515625,2025-07-28,0.0008766884047366474
86.77760314941406,2025-07-29,0.003133587815926653
87.06320190429688,2025-07-30,0.0032857534425518864
87.714599609375,2025-07-31,0.0074540441126478285
87.4894027709961,2025-08-01,-0.0025706828535350112
87.24530029296875,2025-08-04,-0.0027939800456611152
87.89330291748047,2025-08-05,0.0073999172040464245
87.72309875488281,2025-08-06,-0.0019383635499705676
87.76249694824219,2025-08-07,0.0004490191216373063
87.43319702148438,2025-08-08,-0.0037592284044905
87.48829650878906,2025-08-11,0.0006299910664493424
87.66449737548828,2025-08-12,0.002011968204793213
87.59559631347656,2025-08-13,-0.0007862721525606631
87.44999694824219,2025-08-14,-0.0016635597172074412
87.69180297851562,2025-08-15,0.002761261834849371
87.51280212402344,2025-08-18,-0.0020433357521403295
87.29509735107422,2025-08-19,-0.002490790017578348
87.0791015625,2025-08-20,-0.0024773837000147125
87.01820373535156,2025-08-21,-0.0006995838278829325
87.29340362548828,2025-08-22,0.0031575650406026057
87.3301010131836,2025-08-25,0.0004203029633549349
87.60859680175781,2025-08-26,0.003183927024965172
87.60070037841797,2025-08-27,-9.013703578819587e-05
87.65910339355469,2025-08-28,0.000666473612791485
87.5916976928711,2025-08-29,-0.0007692484552386247
88.17430114746094,2025-09-01,0.006629332090647644
88.00140380859375,2025-09-02,-0.001962783624652964
87.99829864501953,2025-09-03,-3.528600936508752e-05
88.072998046875,2025-09-04,0.0008485131618929387
88.19290161132812,2025-09-05,0.0013604853029418607
88.1863021850586,2025-09-08,-7.483224927362642e-05
87.98049926757812,2025-09-09,-0.0023364562381464893
88.21829986572266,2025-09-10,0.0026992322728185414
88.05339813232422,2025-09-11,-0.0018709955526174937
88.2676010131836,2025-09-12,0.0024296934259080416
88.27729797363281,2025-09-15,0.00010985262689100495
88.12349700927734,2025-09-16,-0.0017437676892848586
87.88459777832031,2025-09-17,-0.002714640800524748
87.91069793701172,2025-09-18,0.0002969380810444733
88.20690155029297,2025-09-19,0.0033637057673612247
88.09919738769531,2025-09-22,-0.0012217861621861559
88.30439758300781,2025-09-23,0.0023264864630574422
88.80799865722656,2025-09-24,0.005686811788516266
88.77860260009766,2025-09-25,-0.000331061658810583
88.77310180664062,2025-09-26,-6.196272209457732e-05
88.67680358886719,2025-09-29,-0.0010853567604005576
88.70449829101562,2025-09-30,0.00031226180076515675
88.8406982421875,2025-10-01,0.0015342569728566957
88.68299865722656,2025-10-02,-0.001776660008744102
88.72019958496094,2025-10-03,0.00041939411068447896
88.73509979248047,2025-10-06,0.0001679319536442847
88.72109985351562,2025-10-07,-0.0001577847268432464
88.74259948730469,2025-10-08,0.00024229894873251112
88.7771987915039,2025-10-09,0.00038980784084774456
88.86540222167969,2025-10-10,0.0009930437510039525
88.7573013305664,2025-10-13,-0.001217196926946329
88.66510009765625,2025-10-14,-0.0010393415991192256
88.78250122070312,2025-10-15,0.0013232203682047583
87.80950164794922,2025-10-16,-0.011019858243439096
87.9906997680664,2025-10-17,0.0020614104286931223
88.0022964477539,2025-10-20,0.0001317856954949903
87.87999725341797,2025-10-21,-0.0013906938722847428
88.00160217285156,2025-10-22,0.0013828045595163374
87.74030303955078,2025-10-23,-0.0029736712542698385
87.77899932861328,2025-10-24,0.00044093486206175925
87.8290023803711,2025-10-27,0.0005694849052728657
88.22209930419922,2025-10-28,0.0044657212973948646
88.22550201416016,2025-10-29,3.8569070205163314e-05
88.34559631347656,2025-10-30,0.0013602941701380544
88.6344985961914,2025-10-31,0.003264802626286034
88.77539825439453,2025-11-03,0.0015884084296198253
88.72339630126953,2025-11-04,-0.0005859414960305287
88.73200225830078,2025-11-05,9.699290196696353e-05
88.55690002441406,2025-11-06,-0.0019753327881071314
88.6729965209961,2025-11-07,0.0013101233533499013
88.65799713134766,2025-11-10,-0.00016916828102431225
88.70709991455078,2025-11-11,0.0005536916256403401
88.46649932861328,2025-11-12,-0.002715988554347959
88.59400177001953,2025-11-13,0.0014402135163296137
88.81610107421875,2025-11-14,0.002503796758661636
88.68199920654297,2025-11-17,-0.00151102341916598
88.63590240478516,2025-11-18,-0.0005199339985120233
88.55680084228516,2025-11-19,-0.000892830983501014
88.48719787597656,2025-11-20,-0.0007862787826571349
88.69219970703125,2025-11-21,0.0023140604983558077
89.63400268554688,2025-11-24,0.010562796969673549
89.14779663085938,2025-11-25,-0.005439113547399899
89.15059661865234,2025-11-26,3.14078858725253e-05
89.16300201416016,2025-11-27,0.00013914132879300212
89.36479949951172,2025-11-28,0.002260685109932048
89.3499984741211,2025-12-01,-0.000165638498796028
89.61270141601562,2025-12-02,0.0029358422816141427
89.91719818115234,2025-12-03,0.0033921598329920144
90.17050170898438,2025-12-04,0.002813114888269297
89.8364028930664,2025-12-05,-0.003712070937485379
89.93800354003906,2025-12-08,0.0011303128159969589
90.12999725341797,2025-12-09,0.0021324586854811756
89.91690063476562,2025-12-10,-0.0023671245731540225
89.79299926757812,2025-12-11,-0.0013789044107950232
90.25299835205078,2025-12-12,0.005109806287723728
90.5770034790039,2025-12-15,0.0035835366963956616
90.77690124511719,2025-12-16,0.0022045055756958476
90.94889831542969,2025-12-17,0.0018929301407561994
90.4136962890625,2025-12-18,-0.005902028266996595
90.25579833984375,2025-12-19,-0.0017479208622823705
89.56999969482422,2025-12-22,-0.007627403602117333
89.60389709472656,2025-12-23,0.00037837431583653824
89.50789642333984,2025-12-24,-0.0010719638131471143
90.10590362548828,2025-12-26,0.006658835920465123
89.82929992675781,2025-12-29,-0.003074483604671663
89.9000015258789,2025-12-30,0.0007867565521770814
89.76940155029297,2025-12-31,-0.0014537811820103386
